"Movie_Name","Field1_Link","Time","Genre","Year","Rating","Description","Director","Field6_Link","Actor","Field7_Link","Field8_Link","Field9_Link","Field10_Link"
"The Shawshank Redemption","https://www.imdb.com/title/tt0111161/?ref_=adv_li_tt","142 min","Drama","(1994)","9.3","Two imprisoned men bond over a number of years, finding solace and eventual redemption through acts of common decency.","Frank Darabont","https://www.imdb.com/name/nm0001104/?ref_=adv_li_dr_0","William Sadler","https://www.imdb.com/name/nm0000209/?ref_=adv_li_st_0","https://www.imdb.com/name/nm0000151/?ref_=adv_li_st_1","https://www.imdb.com/name/nm0348409/?ref_=adv_li_st_2","https://www.imdb.com/name/nm0006669/?ref_=adv_li_st_3"
"The Godfather","https://www.imdb.com/title/tt0068646/?ref_=adv_li_tt","175 min","Crime, Drama","(1972)","9.2","The aging patriarch of an organized crime dynasty transfers control of his clandestine empire to his reluctant son.","Francis Ford Coppola","https://www.imdb.com/name/nm0000338/?ref_=adv_li_dr_0","Diane Keaton","https://www.imdb.com/name/nm0000008/?ref_=adv_li_st_0","https://www.imdb.com/name/nm0000199/?ref_=adv_li_st_1","https://www.imdb.com/name/nm0001001/?ref_=adv_li_st_2","https://www.imdb.com/name/nm0000473/?ref_=adv_li_st_3"
"The Dark Knight","https://www.imdb.com/title/tt0468569/?ref_=adv_li_tt","152 min","Action, Crime, Drama","(2008)","9.0","When the menace known as the Joker wreaks havoc and chaos on the people of Gotham, Batman must accept one of the greatest psychological and physical tests of his ability to fight injustice.","Christopher Nolan","https://www.imdb.com/name/nm0634240/?ref_=adv_li_dr_0","Michael Caine","https://www.imdb.com/name/nm0000288/?ref_=adv_li_st_0","https://www.imdb.com/name/nm0005132/?ref_=adv_li_st_1","https://www.imdb.com/name/nm0001173/?ref_=adv_li_st_2","https://www.imdb.com/name/nm0000323/?ref_=adv_li_st_3"
"The Godfather: Part II","https://www.imdb.com/title/tt0071562/?ref_=adv_li_tt","202 min","Crime, Drama","(1974)","9.0","The early life and career of Vito Corleone in 1920s New York City is portrayed, while his son, Michael, expands and tightens his grip on the family crime syndicate.","Francis Ford Coppola","https://www.imdb.com/name/nm0000338/?ref_=adv_li_dr_0","Diane Keaton","https://www.imdb.com/name/nm0000199/?ref_=adv_li_st_0","https://www.imdb.com/name/nm0000134/?ref_=adv_li_st_1","https://www.imdb.com/name/nm0000380/?ref_=adv_li_st_2","https://www.imdb.com/name/nm0000473/?ref_=adv_li_st_3"
"12 Angry Men","https://www.imdb.com/title/tt0050083/?ref_=adv_li_tt","96 min","Crime, Drama","(1957)","9.0","A jury holdout attempts to prevent a miscarriage of justice by forcing his colleagues to reconsider the evidence.","Sidney Lumet","https://www.imdb.com/name/nm0001486/?ref_=adv_li_dr_0","John Fiedler","https://www.imdb.com/name/nm0000020/?ref_=adv_li_st_0","https://www.imdb.com/name/nm0002011/?ref_=adv_li_st_1","https://www.imdb.com/name/nm0000842/?ref_=adv_li_st_2","https://www.imdb.com/name/nm0275835/?ref_=adv_li_st_3"
"The Lord of the Rings: The Return of the King","https://www.imdb.com/title/tt0167260/?ref_=adv_li_tt","201 min","Action, Adventure, Drama","(2003)","8.9","Gandalf and Aragorn lead the World of Men against Sauron's army to draw his gaze from Frodo and Sam as they approach Mount Doom with the One Ring.","Peter Jackson","https://www.imdb.com/name/nm0001392/?ref_=adv_li_dr_0","Orlando Bloom","https://www.imdb.com/name/nm0000704/?ref_=adv_li_st_0","https://www.imdb.com/name/nm0001557/?ref_=adv_li_st_1","https://www.imdb.com/name/nm0005212/?ref_=adv_li_st_2","https://www.imdb.com/name/nm0089217/?ref_=adv_li_st_3"
"Pulp Fiction","https://www.imdb.com/title/tt0110912/?ref_=adv_li_tt","154 min","Crime, Drama","(1994)","8.9","The lives of two mob hitmen, a boxer, a gangster and his wife, and a pair of diner bandits intertwine in four tales of violence and redemption.","Quentin Tarantino","https://www.imdb.com/name/nm0000233/?ref_=adv_li_dr_0","Bruce Willis","https://www.imdb.com/name/nm0000237/?ref_=adv_li_st_0","https://www.imdb.com/name/nm0000235/?ref_=adv_li_st_1","https://www.imdb.com/name/nm0000168/?ref_=adv_li_st_2","https://www.imdb.com/name/nm0000246/?ref_=adv_li_st_3"
"Schindler's List","https://www.imdb.com/title/tt0108052/?ref_=adv_li_tt","195 min","Biography, Drama, History","(1993)","8.9","In German-occupied Poland during World War II, industrialist Oskar Schindler gradually becomes concerned for his Jewish workforce after witnessing their persecution by the Nazis.","Steven Spielberg","https://www.imdb.com/name/nm0000229/?ref_=adv_li_dr_0","Caroline Goodall","https://www.imdb.com/name/nm0000553/?ref_=adv_li_st_0","https://www.imdb.com/name/nm0000146/?ref_=adv_li_st_1","https://www.imdb.com/name/nm0001426/?ref_=adv_li_st_2","https://www.imdb.com/name/nm0328751/?ref_=adv_li_st_3"
"Inception","https://www.imdb.com/title/tt1375666/?ref_=adv_li_tt","148 min","Action, Adventure, Sci-Fi","(2010)","8.8","A thief who steals corporate secrets through the use of dream-sharing technology is given the inverse task of planting an idea into the mind of a C.E.O.","Christopher Nolan","https://www.imdb.com/name/nm0634240/?ref_=adv_li_dr_0","Ken Watanabe","https://www.imdb.com/name/nm0000138/?ref_=adv_li_st_0","https://www.imdb.com/name/nm0330687/?ref_=adv_li_st_1","https://www.imdb.com/name/nm0680983/?ref_=adv_li_st_2","https://www.imdb.com/name/nm0913822/?ref_=adv_li_st_3"
"Soorarai Pottru","https://www.imdb.com/title/tt10189514/?ref_=adv_li_tt","153 min","Drama","(2020)","8.8","Nedumaaran Rajangam ""Maara"" sets out to make the common man fly and in the process takes on the world's most capital intensive industry and several enemies who stand in his way.","Sudha Kongara","https://www.imdb.com/name/nm1464314/?ref_=adv_li_dr_0","Mohan Babu","https://www.imdb.com/name/nm1421814/?ref_=adv_li_st_0","https://www.imdb.com/name/nm7936195/?ref_=adv_li_st_1","https://www.imdb.com/name/nm0712546/?ref_=adv_li_st_2","https://www.imdb.com/name/nm0595934/?ref_=adv_li_st_3"
"Fight Club","https://www.imdb.com/title/tt0137523/?ref_=adv_li_tt","139 min","Drama","(1999)","8.8","An insomniac office worker and a devil-may-care soapmaker form an underground fight club that evolves into something much, much more.","David Fincher","https://www.imdb.com/name/nm0000399/?ref_=adv_li_dr_0","Zach Grenier","https://www.imdb.com/name/nm0000093/?ref_=adv_li_st_0","https://www.imdb.com/name/nm0001570/?ref_=adv_li_st_1","https://www.imdb.com/name/nm0001533/?ref_=adv_li_st_2","https://www.imdb.com/name/nm0340260/?ref_=adv_li_st_3"
"The Lord of the Rings: The Fellowship of the Ring","https://www.imdb.com/title/tt0120737/?ref_=adv_li_tt","178 min","Action, Adventure, Drama","(2001)","8.8","A meek Hobbit from the Shire and eight companions set out on a journey to destroy the powerful One Ring and save Middle-earth from the Dark Lord Sauron.","Peter Jackson","https://www.imdb.com/name/nm0001392/?ref_=adv_li_dr_0","Sean Bean","https://www.imdb.com/name/nm0000704/?ref_=adv_li_st_0","https://www.imdb.com/name/nm0005212/?ref_=adv_li_st_1","https://www.imdb.com/name/nm0089217/?ref_=adv_li_st_2","https://www.imdb.com/name/nm0000293/?ref_=adv_li_st_3"
"Forrest Gump","https://www.imdb.com/title/tt0109830/?ref_=adv_li_tt","142 min","Drama, Romance","(1994)","8.8","The presidencies of Kennedy and Johnson, the events of Vietnam, Watergate and other historical events unfold through the perspective of an Alabama man with an IQ of 75, whose only desire is to be reunited with his childhood sweetheart.","Robert Zemeckis","https://www.imdb.com/name/nm0000709/?ref_=adv_li_dr_0","Sally Field","https://www.imdb.com/name/nm0000158/?ref_=adv_li_st_0","https://www.imdb.com/name/nm0000705/?ref_=adv_li_st_1","https://www.imdb.com/name/nm0000641/?ref_=adv_li_st_2","https://www.imdb.com/name/nm0000398/?ref_=adv_li_st_3"
"The Good, the Bad and the Ugly","https://www.imdb.com/title/tt0060196/?ref_=adv_li_tt","178 min","Western","(1966)","8.8","A bounty hunting scam joins two men in an uneasy alliance against a third in a race to find a fortune in gold buried in a remote cemetery.","Sergio Leone","https://www.imdb.com/name/nm0001466/?ref_=adv_li_dr_0","Aldo Giuffrè","https://www.imdb.com/name/nm0000142/?ref_=adv_li_st_0","https://www.imdb.com/name/nm0908919/?ref_=adv_li_st_1","https://www.imdb.com/name/nm0001812/?ref_=adv_li_st_2","https://www.imdb.com/name/nm0321294/?ref_=adv_li_st_3"
"The Lord of the Rings: The Two Towers","https://www.imdb.com/title/tt0167261/?ref_=adv_li_tt","179 min","Action, Adventure, Drama","(2002)","8.7","While Frodo and Sam edge closer to Mordor with the help of the shifty Gollum, the divided fellowship makes a stand against Sauron's new ally, Saruman, and his hordes of Isengard.","Peter Jackson","https://www.imdb.com/name/nm0001392/?ref_=adv_li_dr_0","Orlando Bloom","https://www.imdb.com/name/nm0000704/?ref_=adv_li_st_0","https://www.imdb.com/name/nm0005212/?ref_=adv_li_st_1","https://www.imdb.com/name/nm0001557/?ref_=adv_li_st_2","https://www.imdb.com/name/nm0089217/?ref_=adv_li_st_3"
"The Matrix","https://www.imdb.com/title/tt0133093/?ref_=adv_li_tt","136 min","Action, Sci-Fi","(1999)","8.7","When a beautiful stranger leads computer hacker Neo to a forbidding underworld, he discovers the shocking truth--the life he knows is the elaborate deception of an evil cyber-intelligence.","Lana Wachowski","https://www.imdb.com/name/nm0905154/?ref_=adv_li_dr_0","Carrie-Anne Moss","https://www.imdb.com/name/nm0905152/?ref_=adv_li_dr_1","https://www.imdb.com/name/nm0000206/?ref_=adv_li_st_0","https://www.imdb.com/name/nm0000401/?ref_=adv_li_st_1","https://www.imdb.com/name/nm0005251/?ref_=adv_li_st_2"
"Goodfellas","https://www.imdb.com/title/tt0099685/?ref_=adv_li_tt","146 min","Biography, Crime, Drama","(1990)","8.7","The story of Henry Hill and his life in the mob, covering his relationship with his wife Karen Hill and his mob partners Jimmy Conway and Tommy DeVito in the Italian-American crime syndicate.","Martin Scorsese","https://www.imdb.com/name/nm0000217/?ref_=adv_li_dr_0","Lorraine Bracco","https://www.imdb.com/name/nm0000134/?ref_=adv_li_st_0","https://www.imdb.com/name/nm0000501/?ref_=adv_li_st_1","https://www.imdb.com/name/nm0000582/?ref_=adv_li_st_2","https://www.imdb.com/name/nm0000966/?ref_=adv_li_st_3"
"Star Wars: Episode V - The Empire Strikes Back","https://www.imdb.com/title/tt0080684/?ref_=adv_li_tt","124 min","Action, Adventure, Fantasy","(1980)","8.7","After the Rebels are brutally overpowered by the Empire on the ice planet Hoth, Luke Skywalker begins Jedi training with Yoda, while his friends are pursued by Darth Vader and a bounty hunter named Boba Fett all over the galaxy.","Irvin Kershner","https://www.imdb.com/name/nm0449984/?ref_=adv_li_dr_0","Billy Dee Williams","https://www.imdb.com/name/nm0000434/?ref_=adv_li_st_0","https://www.imdb.com/name/nm0000148/?ref_=adv_li_st_1","https://www.imdb.com/name/nm0000402/?ref_=adv_li_st_2","https://www.imdb.com/name/nm0001850/?ref_=adv_li_st_3"
"One Flew Over the Cuckoo's Nest","https://www.imdb.com/title/tt0073486/?ref_=adv_li_tt","133 min","Drama","(1975)","8.7","A criminal pleads insanity and is admitted to a mental institution, where he rebels against the oppressive nurse and rallies up the scared patients.","Milos Forman","https://www.imdb.com/name/nm0001232/?ref_=adv_li_dr_0","Peter Brocco","https://www.imdb.com/name/nm0000197/?ref_=adv_li_st_0","https://www.imdb.com/name/nm0001221/?ref_=adv_li_st_1","https://www.imdb.com/name/nm0077720/?ref_=adv_li_st_2","https://www.imdb.com/name/nm0110480/?ref_=adv_li_st_3"
"Hamilton","https://www.imdb.com/title/tt8503618/?ref_=adv_li_tt","160 min","Biography, Drama, History","(2020)","8.6","The real life of one of America's foremost founding fathers and first Secretary of the Treasury, Alexander Hamilton. Captured live on Broadway from the Richard Rodgers Theater with the original Broadway cast.","Thomas Kail","https://www.imdb.com/name/nm2371802/?ref_=adv_li_dr_0","Renée Elise Goldsberry","https://www.imdb.com/name/nm0592135/?ref_=adv_li_st_0","https://www.imdb.com/name/nm5623883/?ref_=adv_li_st_1","https://www.imdb.com/name/nm1502434/?ref_=adv_li_st_2","https://www.imdb.com/name/nm0325989/?ref_=adv_li_st_3"
"Parasite","https://www.imdb.com/title/tt6751668/?ref_=adv_li_tt","132 min","Comedy, Drama, Thriller","(2019)","8.6","Greed and class discrimination threaten the newly formed symbiotic relationship between the wealthy Park family and the destitute Kim clan.","Bong Joon Ho","https://www.imdb.com/name/nm0094435/?ref_=adv_li_dr_0","Woo-sik Choi","https://www.imdb.com/name/nm0814280/?ref_=adv_li_st_0","https://www.imdb.com/name/nm1310525/?ref_=adv_li_st_1","https://www.imdb.com/name/nm1856097/?ref_=adv_li_st_2","https://www.imdb.com/name/nm6079248/?ref_=adv_li_st_3"
"Interstellar","https://www.imdb.com/title/tt0816692/?ref_=adv_li_tt","169 min","Adventure, Drama, Sci-Fi","(2014)","8.6","A team of explorers travel through a wormhole in space in an attempt to ensure humanity's survival.","Christopher Nolan","https://www.imdb.com/name/nm0634240/?ref_=adv_li_dr_0","Mackenzie Foy","https://www.imdb.com/name/nm0000190/?ref_=adv_li_st_0","https://www.imdb.com/name/nm0004266/?ref_=adv_li_st_1","https://www.imdb.com/name/nm1567113/?ref_=adv_li_st_2","https://www.imdb.com/name/nm3237775/?ref_=adv_li_st_3"
"City of God","https://www.imdb.com/title/tt0317248/?ref_=adv_li_tt","130 min","Crime, Drama","(2002)","8.6","In the slums of Rio, two kids' paths diverge as one struggles to become a photographer and the other a kingpin.","Fernando Meirelles","https://www.imdb.com/name/nm0576987/?ref_=adv_li_dr_0","Matheus Nachtergaele","https://www.imdb.com/name/nm0526199/?ref_=adv_li_dr_1","https://www.imdb.com/name/nm1179105/?ref_=adv_li_st_0","https://www.imdb.com/name/nm1129884/?ref_=adv_li_st_1","https://www.imdb.com/name/nm0618690/?ref_=adv_li_st_2"
"Spirited Away","https://www.imdb.com/title/tt0245429/?ref_=adv_li_tt","125 min","Animation, Adventure, Family","(2001)","8.6","During her family's move to the suburbs, a sullen 10-year-old girl wanders into a world ruled by gods, witches, and spirits, and where humans are changed into beasts.","Hayao Miyazaki","https://www.imdb.com/name/nm0594503/?ref_=adv_li_dr_0","Rumi Hiiragi","https://www.imdb.com/name/nm0153738/?ref_=adv_li_st_0","https://www.imdb.com/name/nm0687189/?ref_=adv_li_st_1","https://www.imdb.com/name/nm0997115/?ref_=adv_li_st_2","https://www.imdb.com/name/nm0383708/?ref_=adv_li_st_3"
"Saving Private Ryan","https://www.imdb.com/title/tt0120815/?ref_=adv_li_tt","169 min","Drama, War","(1998)","8.6","Following the Normandy Landings, a group of U.S. soldiers go behind enemy lines to retrieve a paratrooper whose brothers have been killed in action.","Steven Spielberg","https://www.imdb.com/name/nm0000229/?ref_=adv_li_dr_0","Edward Burns","https://www.imdb.com/name/nm0000158/?ref_=adv_li_st_0","https://www.imdb.com/name/nm0000354/?ref_=adv_li_st_1","https://www.imdb.com/name/nm0001744/?ref_=adv_li_st_2","https://www.imdb.com/name/nm0122653/?ref_=adv_li_st_3"
"The Green Mile","https://www.imdb.com/title/tt0120689/?ref_=adv_li_tt","189 min","Crime, Drama, Fantasy","(1999)","8.6","The lives of guards on Death Row are affected by one of their charges: a black man accused of child murder and rape, yet who has a mysterious gift.","Frank Darabont","https://www.imdb.com/name/nm0001104/?ref_=adv_li_dr_0","Bonnie Hunt","https://www.imdb.com/name/nm0000158/?ref_=adv_li_st_0","https://www.imdb.com/name/nm0003817/?ref_=adv_li_st_1","https://www.imdb.com/name/nm0001556/?ref_=adv_li_st_2","https://www.imdb.com/name/nm0001372/?ref_=adv_li_st_3"
"Life Is Beautiful","https://www.imdb.com/title/tt0118799/?ref_=adv_li_tt","116 min","Comedy, Drama, Romance","(1997)","8.6","When an open-minded Jewish librarian and his son become victims of the Holocaust, he uses a perfect mixture of will, humor, and imagination to protect his son from the dangers around their camp.","Roberto Benigni","https://www.imdb.com/name/nm0000905/?ref_=adv_li_dr_0","Giustino Durano","https://www.imdb.com/name/nm0000905/?ref_=adv_li_st_0","https://www.imdb.com/name/nm0000971/?ref_=adv_li_st_1","https://www.imdb.com/name/nm0134493/?ref_=adv_li_st_2","https://www.imdb.com/name/nm0243842/?ref_=adv_li_st_3"
"Se7en","https://www.imdb.com/title/tt0114369/?ref_=adv_li_tt","127 min","Crime, Drama, Mystery","(1995)","8.6","Two detectives, a rookie and a veteran, hunt a serial killer who uses the seven deadly sins as his motives.","David Fincher","https://www.imdb.com/name/nm0000399/?ref_=adv_li_dr_0","Andrew Kevin Walker","https://www.imdb.com/name/nm0000151/?ref_=adv_li_st_0","https://www.imdb.com/name/nm0000093/?ref_=adv_li_st_1","https://www.imdb.com/name/nm0000228/?ref_=adv_li_st_2","https://www.imdb.com/name/nm0001825/?ref_=adv_li_st_3"
"The Silence of the Lambs","https://www.imdb.com/title/tt0102926/?ref_=adv_li_tt","118 min","Crime, Drama, Thriller","(1991)","8.6","A young F.B.I. cadet must receive the help of an incarcerated and manipulative cannibal killer to help catch another serial killer, a madman who skins his victims.","Jonathan Demme","https://www.imdb.com/name/nm0001129/?ref_=adv_li_dr_0","Kasi Lemmons","https://www.imdb.com/name/nm0000149/?ref_=adv_li_st_0","https://www.imdb.com/name/nm0000164/?ref_=adv_li_st_1","https://www.imdb.com/name/nm0095029/?ref_=adv_li_st_2","https://www.imdb.com/name/nm0501435/?ref_=adv_li_st_3"
"Star Wars: Episode IV - A New Hope","https://www.imdb.com/title/tt0076759/?ref_=adv_li_tt","121 min","Action, Adventure, Fantasy","(1977)","8.6","Luke Skywalker joins forces with a Jedi Knight, a cocky pilot, a Wookiee and two droids to save the galaxy from the Empire's world-destroying battle station, while also attempting to rescue Princess Leia from the mysterious Darth Vader.","George Lucas","https://www.imdb.com/name/nm0000184/?ref_=adv_li_dr_0","Alec Guinness","https://www.imdb.com/name/nm0000434/?ref_=adv_li_st_0","https://www.imdb.com/name/nm0000148/?ref_=adv_li_st_1","https://www.imdb.com/name/nm0000402/?ref_=adv_li_st_2","https://www.imdb.com/name/nm0000027/?ref_=adv_li_st_3"
"Hara-Kiri","https://www.imdb.com/title/tt0056058/?ref_=adv_li_tt","133 min","Action, Drama, Mystery","(1962)","8.6","When a ronin requesting seppuku at a feudal lord's palace is told of the brutal suicide of another ronin who previously visited, he reveals how their pasts are intertwined - and in doing so challenges the clan's integrity.","Masaki Kobayashi","https://www.imdb.com/name/nm0462030/?ref_=adv_li_dr_0","Tetsurô Tanba","https://www.imdb.com/name/nm0619938/?ref_=adv_li_st_0","https://www.imdb.com/name/nm0410968/?ref_=adv_li_st_1","https://www.imdb.com/name/nm0412615/?ref_=adv_li_st_2","https://www.imdb.com/name/nm0848533/?ref_=adv_li_st_3"
"Seven Samurai","https://www.imdb.com/title/tt0047478/?ref_=adv_li_tt","207 min","Action, Adventure, Drama","(1954)","8.6","A poor village under attack by bandits recruits seven unemployed samurai to help them defend themselves.","Akira Kurosawa","https://www.imdb.com/name/nm0000041/?ref_=adv_li_dr_0","Yukiko Shimazaki","https://www.imdb.com/name/nm0001536/?ref_=adv_li_st_0","https://www.imdb.com/name/nm0793766/?ref_=adv_li_st_1","https://www.imdb.com/name/nm0875477/?ref_=adv_li_st_2","https://www.imdb.com/name/nm0793616/?ref_=adv_li_st_3"
"It's a Wonderful Life","https://www.imdb.com/title/tt0038650/?ref_=adv_li_tt","130 min","Drama, Family, Fantasy","(1946)","8.6","An angel is sent from Heaven to help a desperately frustrated businessman by showing him what life would have been like if he had never existed.","Frank Capra","https://www.imdb.com/name/nm0001008/?ref_=adv_li_dr_0","Thomas Mitchell","https://www.imdb.com/name/nm0000071/?ref_=adv_li_st_0","https://www.imdb.com/name/nm0001656/?ref_=adv_li_st_1","https://www.imdb.com/name/nm0000859/?ref_=adv_li_st_2","https://www.imdb.com/name/nm0593775/?ref_=adv_li_st_3"
"Joker","https://www.imdb.com/title/tt7286456/?ref_=adv_li_tt","122 min","Crime, Drama, Thriller","(2019)","8.5","In Gotham City, mentally troubled comedian Arthur Fleck is disregarded and mistreated by society. He then embarks on a downward spiral of revolution and bloody crime. This path brings him face-to-face with his alter-ego: the Joker.","Todd Phillips","https://www.imdb.com/name/nm0680846/?ref_=adv_li_dr_0","Frances Conroy","https://www.imdb.com/name/nm0001618/?ref_=adv_li_st_0","https://www.imdb.com/name/nm0000134/?ref_=adv_li_st_1","https://www.imdb.com/name/nm5939164/?ref_=adv_li_st_2","https://www.imdb.com/name/nm0175814/?ref_=adv_li_st_3"
"Vikram Vedha","https://www.imdb.com/title/tt6148156/?ref_=adv_li_tt","147 min","Action, Crime, Drama","(2017)","8.5","Vikram, a no-nonsense police officer, accompanied by Simon, his partner, is on the hunt to capture Vedha, a smuggler and a murderer. Vedha tries to change Vikram's life, which leads to a conflict.","Gayatri","https://www.imdb.com/name/nm2566836/?ref_=adv_li_dr_0","Shraddha Srinath","https://www.imdb.com/name/nm2575525/?ref_=adv_li_dr_1","https://www.imdb.com/name/nm0534856/?ref_=adv_li_st_0","https://www.imdb.com/name/nm4043111/?ref_=adv_li_st_1","https://www.imdb.com/name/nm7744845/?ref_=adv_li_st_2"
"Whiplash","https://www.imdb.com/title/tt2582802/?ref_=adv_li_tt","106 min","Drama, Music","(2014)","8.5","A promising young drummer enrolls at a cut-throat music conservatory where his dreams of greatness are mentored by an instructor who will stop at nothing to realize a student's potential.","Damien Chazelle","https://www.imdb.com/name/nm3227090/?ref_=adv_li_dr_0","Paul Reiser","https://www.imdb.com/name/nm1886602/?ref_=adv_li_st_0","https://www.imdb.com/name/nm0799777/?ref_=adv_li_st_1","https://www.imdb.com/name/nm2552034/?ref_=adv_li_st_2","https://www.imdb.com/name/nm0001663/?ref_=adv_li_st_3"
"The Intouchables","https://www.imdb.com/title/tt1675434/?ref_=adv_li_tt","112 min","Biography, Comedy, Drama","(2011)","8.5","After he becomes a quadriplegic from a paragliding accident, an aristocrat hires a young man from the projects to be his caregiver.","Olivier Nakache","https://www.imdb.com/name/nm0619923/?ref_=adv_li_dr_0","Anne Le Ny","https://www.imdb.com/name/nm0865918/?ref_=adv_li_dr_1","https://www.imdb.com/name/nm0167388/?ref_=adv_li_st_0","https://www.imdb.com/name/nm1082477/?ref_=adv_li_st_1","https://www.imdb.com/name/nm0494504/?ref_=adv_li_st_2"
"The Prestige","https://www.imdb.com/title/tt0482571/?ref_=adv_li_tt","130 min","Drama, Mystery, Sci-Fi","(2006)","8.5","After a tragic accident, two stage magicians engage in a battle to create the ultimate illusion while sacrificing everything they have to outwit each other.","Christopher Nolan","https://www.imdb.com/name/nm0634240/?ref_=adv_li_dr_0","Michael Caine","https://www.imdb.com/name/nm0000288/?ref_=adv_li_st_0","https://www.imdb.com/name/nm0413168/?ref_=adv_li_st_1","https://www.imdb.com/name/nm0424060/?ref_=adv_li_st_2","https://www.imdb.com/name/nm0000323/?ref_=adv_li_st_3"
"The Departed","https://www.imdb.com/title/tt0407887/?ref_=adv_li_tt","151 min","Crime, Drama, Thriller","(2006)","8.5","An undercover cop and a mole in the police attempt to identify each other while infiltrating an Irish gang in South Boston.","Martin Scorsese","https://www.imdb.com/name/nm0000217/?ref_=adv_li_dr_0","Mark Wahlberg","https://www.imdb.com/name/nm0000138/?ref_=adv_li_st_0","https://www.imdb.com/name/nm0000354/?ref_=adv_li_st_1","https://www.imdb.com/name/nm0000197/?ref_=adv_li_st_2","https://www.imdb.com/name/nm0000242/?ref_=adv_li_st_3"
"The Pianist","https://www.imdb.com/title/tt0253474/?ref_=adv_li_tt","150 min","Biography, Drama, Music","(2002)","8.5","A Polish Jewish musician struggles to survive the destruction of the Warsaw ghetto of World War II.","Roman Polanski","https://www.imdb.com/name/nm0000591/?ref_=adv_li_dr_0","Emilia Fox","https://www.imdb.com/name/nm0004778/?ref_=adv_li_st_0","https://www.imdb.com/name/nm0470981/?ref_=adv_li_st_1","https://www.imdb.com/name/nm0277975/?ref_=adv_li_st_2","https://www.imdb.com/name/nm0288976/?ref_=adv_li_st_3"
"Gladiator","https://www.imdb.com/title/tt0172495/?ref_=adv_li_tt","155 min","Action, Adventure, Drama","(2000)","8.5","A former Roman General sets out to exact vengeance against the corrupt emperor who murdered his family and sent him into slavery.","Ridley Scott","https://www.imdb.com/name/nm0000631/?ref_=adv_li_dr_0","Oliver Reed","https://www.imdb.com/name/nm0000128/?ref_=adv_li_st_0","https://www.imdb.com/name/nm0001618/?ref_=adv_li_st_1","https://www.imdb.com/name/nm0001567/?ref_=adv_li_st_2","https://www.imdb.com/name/nm0001657/?ref_=adv_li_st_3"
"American History X","https://www.imdb.com/title/tt0120586/?ref_=adv_li_tt","119 min","Drama","(1998)","8.5","A former neo-nazi skinhead tries to prevent his younger brother from going down the same wrong path that he did.","Tony Kaye","https://www.imdb.com/name/nm0443411/?ref_=adv_li_dr_0","Jennifer Lien","https://www.imdb.com/name/nm0001570/?ref_=adv_li_st_0","https://www.imdb.com/name/nm0000411/?ref_=adv_li_st_1","https://www.imdb.com/name/nm0000350/?ref_=adv_li_st_2","https://www.imdb.com/name/nm0000497/?ref_=adv_li_st_3"
"The Usual Suspects","https://www.imdb.com/title/tt0114814/?ref_=adv_li_tt","106 min","Crime, Mystery, Thriller","(1995)","8.5","A sole survivor tells of the twisty events leading up to a horrific gun battle on a boat, which began when five criminals met at a seemingly random police lineup.","Bryan Singer","https://www.imdb.com/name/nm0001741/?ref_=adv_li_dr_0","Stephen Baldwin","https://www.imdb.com/name/nm0000228/?ref_=adv_li_st_0","https://www.imdb.com/name/nm0000321/?ref_=adv_li_st_1","https://www.imdb.com/name/nm0001590/?ref_=adv_li_st_2","https://www.imdb.com/name/nm0000286/?ref_=adv_li_st_3"
"Léon: The Professional","https://www.imdb.com/title/tt0110413/?ref_=adv_li_tt","110 min","Action, Crime, Drama","(1994)","8.5","Mathilda, a 12-year-old girl, is reluctantly taken in by Léon, a professional assassin, after her family is murdered. An unusual relationship forms as she becomes his protégée and learns the assassin's trade.","Luc Besson","https://www.imdb.com/name/nm0000108/?ref_=adv_li_dr_0","Danny Aiello","https://www.imdb.com/name/nm0000606/?ref_=adv_li_st_0","https://www.imdb.com/name/nm0000198/?ref_=adv_li_st_1","https://www.imdb.com/name/nm0000204/?ref_=adv_li_st_2","https://www.imdb.com/name/nm0000732/?ref_=adv_li_st_3"
"The Lion King","https://www.imdb.com/title/tt0110357/?ref_=adv_li_tt","88 min","Animation, Adventure, Drama","(1994)","8.5","Lion prince Simba and his father are targeted by his bitter uncle, who wants to ascend the throne himself.","Roger Allers","https://www.imdb.com/name/nm0021249/?ref_=adv_li_dr_0","James Earl Jones","https://www.imdb.com/name/nm0591450/?ref_=adv_li_dr_1","https://www.imdb.com/name/nm0000111/?ref_=adv_li_st_0","https://www.imdb.com/name/nm0000460/?ref_=adv_li_st_1","https://www.imdb.com/name/nm0000469/?ref_=adv_li_st_2"
"Terminator 2: Judgment Day","https://www.imdb.com/title/tt0103064/?ref_=adv_li_tt","137 min","Action, Sci-Fi","(1991)","8.5","A cyborg, identical to the one who failed to kill Sarah Connor, must now protect her teenage son, John Connor, from a more advanced and powerful cyborg.","James Cameron","https://www.imdb.com/name/nm0000116/?ref_=adv_li_dr_0","Robert Patrick","https://www.imdb.com/name/nm0000216/?ref_=adv_li_st_0","https://www.imdb.com/name/nm0000157/?ref_=adv_li_st_1","https://www.imdb.com/name/nm0000411/?ref_=adv_li_st_2","https://www.imdb.com/name/nm0001598/?ref_=adv_li_st_3"
"Cinema Paradiso","https://www.imdb.com/title/tt0095765/?ref_=adv_li_tt","155 min","Drama","(1988)","8.5","A filmmaker recalls his childhood when falling in love with the pictures at the cinema of his home village and forms a deep friendship with the cinema's projectionist.","Giuseppe Tornatore","https://www.imdb.com/name/nm0868153/?ref_=adv_li_dr_0","Isa Danieli","https://www.imdb.com/name/nm0634159/?ref_=adv_li_st_0","https://www.imdb.com/name/nm0134073/?ref_=adv_li_st_1","https://www.imdb.com/name/nm0041066/?ref_=adv_li_st_2","https://www.imdb.com/name/nm0199774/?ref_=adv_li_st_3"
"Grave of the Fireflies","https://www.imdb.com/title/tt0095327/?ref_=adv_li_tt","89 min","Animation, Drama, War","(1988)","8.5","A young boy and his little sister struggle to survive in Japan during World War II.","Isao Takahata","https://www.imdb.com/name/nm0847223/?ref_=adv_li_dr_0","Yoshiko Shinohara","https://www.imdb.com/name/nm0851302/?ref_=adv_li_st_0","https://www.imdb.com/name/nm0794186/?ref_=adv_li_st_1","https://www.imdb.com/name/nm0945312/?ref_=adv_li_st_2","https://www.imdb.com/name/nm0794002/?ref_=adv_li_st_3"
"Back to the Future","https://www.imdb.com/title/tt0088763/?ref_=adv_li_tt","116 min","Adventure, Comedy, Sci-Fi","(1985)","8.5","Marty McFly, a 17-year-old high school student, is accidentally sent thirty years into the past in a time-traveling DeLorean invented by his close friend, the eccentric scientist Doc Brown.","Robert Zemeckis","https://www.imdb.com/name/nm0000709/?ref_=adv_li_dr_0","Crispin Glover","https://www.imdb.com/name/nm0000150/?ref_=adv_li_st_0","https://www.imdb.com/name/nm0000502/?ref_=adv_li_st_1","https://www.imdb.com/name/nm0000670/?ref_=adv_li_st_2","https://www.imdb.com/name/nm0000417/?ref_=adv_li_st_3"
"Once Upon a Time in the West","https://www.imdb.com/title/tt0064116/?ref_=adv_li_tt","165 min","Western","(1968)","8.5","A mysterious stranger with a harmonica joins forces with a notorious desperado to protect a beautiful widow from a ruthless assassin working for the railroad.","Sergio Leone","https://www.imdb.com/name/nm0001466/?ref_=adv_li_dr_0","Jason Robards","https://www.imdb.com/name/nm0000020/?ref_=adv_li_st_0","https://www.imdb.com/name/nm0000314/?ref_=adv_li_st_1","https://www.imdb.com/name/nm0001012/?ref_=adv_li_st_2","https://www.imdb.com/name/nm0001673/?ref_=adv_li_st_3"
"Psycho","https://www.imdb.com/title/tt0054215/?ref_=adv_li_tt","109 min","Horror, Mystery, Thriller","(1960)","8.5","A Phoenix secretary embezzles $40,000 from her employer's client, goes on the run, and checks into a remote motel run by a young man under the domination of his mother.","Alfred Hitchcock","https://www.imdb.com/name/nm0000033/?ref_=adv_li_dr_0","John Gavin","https://www.imdb.com/name/nm0000578/?ref_=adv_li_st_0","https://www.imdb.com/name/nm0001463/?ref_=adv_li_st_1","https://www.imdb.com/name/nm0587256/?ref_=adv_li_st_2","https://www.imdb.com/name/nm0001260/?ref_=adv_li_st_3"
"Casablanca","https://www.imdb.com/title/tt0034583/?ref_=adv_li_tt","102 min","Drama, Romance, War","(1942)","8.5","A cynical American expatriate struggles to decide whether or not he should help his former lover and her fugitive husband escape French Morocco.","Michael Curtiz","https://www.imdb.com/name/nm0002031/?ref_=adv_li_dr_0","Claude Rains","https://www.imdb.com/name/nm0000007/?ref_=adv_li_st_0","https://www.imdb.com/name/nm0000006/?ref_=adv_li_st_1","https://www.imdb.com/name/nm0002134/?ref_=adv_li_st_2","https://www.imdb.com/name/nm0001647/?ref_=adv_li_st_3"
"Modern Times","https://www.imdb.com/title/tt0027977/?ref_=adv_li_tt","87 min","Comedy, Drama, Family","(1936)","8.5","The Tramp struggles to live in modern industrial society with the help of a young homeless woman.","Charles Chaplin","https://www.imdb.com/name/nm0000122/?ref_=adv_li_dr_0","Tiny Sandford","https://www.imdb.com/name/nm0000122/?ref_=adv_li_st_0","https://www.imdb.com/name/nm0002104/?ref_=adv_li_st_1","https://www.imdb.com/name/nm0074788/?ref_=adv_li_st_2","https://www.imdb.com/name/nm0761866/?ref_=adv_li_st_3"
"City Lights","https://www.imdb.com/title/tt0021749/?ref_=adv_li_tt","87 min","Comedy, Drama, Romance","(1931)","8.5","With the aid of a wealthy erratic tippler, a dewy-eyed tramp who has fallen in love with a sightless flower girl accumulates money to be able to help her medically.","Charles Chaplin","https://www.imdb.com/name/nm0000122/?ref_=adv_li_dr_0","Harry Myers","https://www.imdb.com/name/nm0000122/?ref_=adv_li_st_0","https://www.imdb.com/name/nm0156039/?ref_=adv_li_st_1","https://www.imdb.com/name/nm5681967/?ref_=adv_li_st_2","https://www.imdb.com/name/nm0616729/?ref_=adv_li_st_3"
"Capernaum","https://www.imdb.com/title/tt8267604/?ref_=adv_li_tt","126 min","Drama","(2018)","8.4","While serving a five-year sentence for a violent crime, a 12-year-old boy sues his parents for neglect.","Nadine Labaki","https://www.imdb.com/name/nm1701024/?ref_=adv_li_dr_0","Kawsar Al Haddad","https://www.imdb.com/name/nm9862858/?ref_=adv_li_st_0","https://www.imdb.com/name/nm9862859/?ref_=adv_li_st_1","https://www.imdb.com/name/nm9862860/?ref_=adv_li_st_2","https://www.imdb.com/name/nm10201625/?ref_=adv_li_st_3"
"Ayla: The Daughter of War","https://www.imdb.com/title/tt6316138/?ref_=adv_li_tt","125 min","Biography, Drama, History","(2017)","8.4","In 1950, amid-st the ravages of the Korean War, Sergeant Süleyman stumbles upon a half-frozen little girl, with no parents and no help in sight. Frantic, scared and on the verge of death, ...                See full summary »","Can Ulkay","https://www.imdb.com/name/nm8631915/?ref_=adv_li_dr_0","Kim Seol","https://www.imdb.com/name/nm1002038/?ref_=adv_li_st_0","https://www.imdb.com/name/nm1385304/?ref_=adv_li_st_1","https://www.imdb.com/name/nm2349707/?ref_=adv_li_st_2","https://www.imdb.com/name/nm8932809/?ref_=adv_li_st_3"
"Your Name.","https://www.imdb.com/title/tt5311514/?ref_=adv_li_tt","106 min","Animation, Drama, Fantasy","(2016)","8.4","Two strangers find themselves linked in a bizarre way. When a connection forms, will distance be the only thing to keep them apart?","Makoto Shinkai","https://www.imdb.com/name/nm1396121/?ref_=adv_li_dr_0","Aoi Yûki","https://www.imdb.com/name/nm1126340/?ref_=adv_li_st_0","https://www.imdb.com/name/nm4759838/?ref_=adv_li_st_1","https://www.imdb.com/name/nm6954008/?ref_=adv_li_st_2","https://www.imdb.com/name/nm2976492/?ref_=adv_li_st_3"
"Dangal","https://www.imdb.com/title/tt5074352/?ref_=adv_li_tt","161 min","Action, Biography, Drama","(2016)","8.4","Former wrestler Mahavir Singh Phogat and his two wrestler daughters struggle towards glory at the Commonwealth Games in the face of societal oppression.","Nitesh Tiwari","https://www.imdb.com/name/nm4318159/?ref_=adv_li_dr_0","Sanya Malhotra","https://www.imdb.com/name/nm0451148/?ref_=adv_li_st_0","https://www.imdb.com/name/nm2799219/?ref_=adv_li_st_1","https://www.imdb.com/name/nm0760778/?ref_=adv_li_st_2","https://www.imdb.com/name/nm7621667/?ref_=adv_li_st_3"
"Spider-Man: Into the Spider-Verse","https://www.imdb.com/title/tt4633694/?ref_=adv_li_tt","117 min","Animation, Action, Adventure","(2018)","8.4","Teen Miles Morales becomes the Spider-Man of his universe, and must join with five spider-powered individuals from other dimensions to stop a threat for all realities.","Bob Persichetti","https://www.imdb.com/name/nm2130108/?ref_=adv_li_dr_0","Jake Johnson","https://www.imdb.com/name/nm0709056/?ref_=adv_li_dr_1","https://www.imdb.com/name/nm0745247/?ref_=adv_li_dr_2","https://www.imdb.com/name/nm4271336/?ref_=adv_li_st_0","https://www.imdb.com/name/nm2159926/?ref_=adv_li_st_1"
"Avengers: Endgame","https://www.imdb.com/title/tt4154796/?ref_=adv_li_tt","181 min","Action, Adventure, Drama","(2019)","8.4","After the devastating events of Avengers: Infinity War (2018), the universe is in ruins. With the help of remaining allies, the Avengers assemble once more in order to reverse Thanos' actions and restore balance to the universe.","Anthony Russo","https://www.imdb.com/name/nm0751577/?ref_=adv_li_dr_0","Mark Ruffalo","https://www.imdb.com/name/nm0751648/?ref_=adv_li_dr_1","https://www.imdb.com/name/nm0000375/?ref_=adv_li_st_0","https://www.imdb.com/name/nm0262635/?ref_=adv_li_st_1","https://www.imdb.com/name/nm0749263/?ref_=adv_li_st_2"
"Avengers: Infinity War","https://www.imdb.com/title/tt4154756/?ref_=adv_li_tt","149 min","Action, Adventure, Sci-Fi","(2018)","8.4","The Avengers and their allies must be willing to sacrifice all in an attempt to defeat the powerful Thanos before his blitz of devastation and ruin puts an end to the universe.","Anthony Russo","https://www.imdb.com/name/nm0751577/?ref_=adv_li_dr_0","Mark Ruffalo","https://www.imdb.com/name/nm0751648/?ref_=adv_li_dr_1","https://www.imdb.com/name/nm0000375/?ref_=adv_li_st_0","https://www.imdb.com/name/nm1165110/?ref_=adv_li_st_1","https://www.imdb.com/name/nm0749263/?ref_=adv_li_st_2"
"Coco","https://www.imdb.com/title/tt2380307/?ref_=adv_li_tt","105 min","Animation, Adventure, Family","(I) (2017)","8.4","Aspiring musician Miguel, confronted with his family's ancestral ban on music, enters the Land of the Dead to find his great-great-grandfather, a legendary singer.","Lee Unkrich","https://www.imdb.com/name/nm0881279/?ref_=adv_li_dr_0","Benjamin Bratt","https://www.imdb.com/name/nm2937122/?ref_=adv_li_dr_1","https://www.imdb.com/name/nm5645519/?ref_=adv_li_st_0","https://www.imdb.com/name/nm0305558/?ref_=adv_li_st_1","https://www.imdb.com/name/nm0000973/?ref_=adv_li_st_2"
"Django Unchained","https://www.imdb.com/title/tt1853728/?ref_=adv_li_tt","165 min","Drama, Western","(2012)","8.4","With the help of a German bounty hunter, a freed slave sets out to rescue his wife from a brutal Mississippi plantation owner.","Quentin Tarantino","https://www.imdb.com/name/nm0000233/?ref_=adv_li_dr_0","Kerry Washington","https://www.imdb.com/name/nm0004937/?ref_=adv_li_st_0","https://www.imdb.com/name/nm0910607/?ref_=adv_li_st_1","https://www.imdb.com/name/nm0000138/?ref_=adv_li_st_2","https://www.imdb.com/name/nm0913488/?ref_=adv_li_st_3"
"The Dark Knight Rises","https://www.imdb.com/title/tt1345836/?ref_=adv_li_tt","164 min","Action, Adventure","(2012)","8.4","Eight years after the Joker's reign of anarchy, Batman, with the help of the enigmatic Catwoman, is forced from his exile to save Gotham City from the brutal guerrilla terrorist Bane.","Christopher Nolan","https://www.imdb.com/name/nm0634240/?ref_=adv_li_dr_0","Gary Oldman","https://www.imdb.com/name/nm0000288/?ref_=adv_li_st_0","https://www.imdb.com/name/nm0362766/?ref_=adv_li_st_1","https://www.imdb.com/name/nm0004266/?ref_=adv_li_st_2","https://www.imdb.com/name/nm0000198/?ref_=adv_li_st_3"
"3 Idiots","https://www.imdb.com/title/tt1187043/?ref_=adv_li_tt","170 min","Comedy, Drama","(2009)","8.4","Two friends are searching for their long lost companion. They revisit their college days and recall the memories of their friend who inspired them to think differently, even as the rest of the world called them ""idiots"".","Rajkumar Hirani","https://www.imdb.com/name/nm0386246/?ref_=adv_li_dr_0","Sharman Joshi","https://www.imdb.com/name/nm0451148/?ref_=adv_li_st_0","https://www.imdb.com/name/nm0534856/?ref_=adv_li_st_1","https://www.imdb.com/name/nm1587175/?ref_=adv_li_st_2","https://www.imdb.com/name/nm0430817/?ref_=adv_li_st_3"
"Taare Zameen Par - Ein Stern auf Erden","https://www.imdb.com/title/tt0986264/?ref_=adv_li_tt","165 min","Drama, Family","(2007)","8.4","An eight-year-old boy is thought to be a lazy trouble-maker, until the new art teacher has the patience and compassion to discover the real problem behind his struggles in school.","Aamir Khan","https://www.imdb.com/name/nm0451148/?ref_=adv_li_dr_0","Tisca Chopra","https://www.imdb.com/name/nm1244760/?ref_=adv_li_dr_1","https://www.imdb.com/name/nm2594301/?ref_=adv_li_st_0","https://www.imdb.com/name/nm0451148/?ref_=adv_li_st_1","https://www.imdb.com/name/nm1538116/?ref_=adv_li_st_2"
"WALL·E","https://www.imdb.com/title/tt0910970/?ref_=adv_li_tt","98 min","Animation, Adventure, Family","(2008)","8.4","In the distant future, a small waste-collecting robot inadvertently embarks on a space journey that will ultimately decide the fate of mankind.","Andrew Stanton","https://www.imdb.com/name/nm0004056/?ref_=adv_li_dr_0","Fred Willard","https://www.imdb.com/name/nm0123785/?ref_=adv_li_st_0","https://www.imdb.com/name/nm2264184/?ref_=adv_li_st_1","https://www.imdb.com/name/nm0307531/?ref_=adv_li_st_2","https://www.imdb.com/name/nm0929609/?ref_=adv_li_st_3"
"The Lives of Others","https://www.imdb.com/title/tt0405094/?ref_=adv_li_tt","137 min","Drama, Mystery, Thriller","(2006)","8.4","In 1984 East Berlin, an agent of the secret police, conducting surveillance on a writer and his lover, finds himself becoming increasingly absorbed by their lives.","Florian Henckel von Donnersmarck","https://www.imdb.com/name/nm0003697/?ref_=adv_li_dr_0","Ulrich Tukur","https://www.imdb.com/name/nm0618057/?ref_=adv_li_st_0","https://www.imdb.com/name/nm0311476/?ref_=adv_li_st_1","https://www.imdb.com/name/nm0462407/?ref_=adv_li_st_2","https://www.imdb.com/name/nm0876300/?ref_=adv_li_st_3"
"Oldboy","https://www.imdb.com/title/tt0364569/?ref_=adv_li_tt","120 min","Action, Drama, Mystery","(2003)","8.4","After being kidnapped and imprisoned for fifteen years, Oh Dae-Su is released, only to find that he must find his captor in five days.","Chan-wook Park","https://www.imdb.com/name/nm0661791/?ref_=adv_li_dr_0","Kim Byeong-Ok","https://www.imdb.com/name/nm0158856/?ref_=adv_li_st_0","https://www.imdb.com/name/nm0949167/?ref_=adv_li_st_1","https://www.imdb.com/name/nm1367246/?ref_=adv_li_st_2","https://www.imdb.com/name/nm1366028/?ref_=adv_li_st_3"
"Memento","https://www.imdb.com/title/tt0209144/?ref_=adv_li_tt","113 min","Mystery, Thriller","(2000)","8.4","A man with short-term memory loss attempts to track down his wife's murderer.","Christopher Nolan","https://www.imdb.com/name/nm0634240/?ref_=adv_li_dr_0","Mark Boone Junior","https://www.imdb.com/name/nm0001602/?ref_=adv_li_st_0","https://www.imdb.com/name/nm0005251/?ref_=adv_li_st_1","https://www.imdb.com/name/nm0001592/?ref_=adv_li_st_2","https://www.imdb.com/name/nm0095478/?ref_=adv_li_st_3"
"Princess Mononoke","https://www.imdb.com/title/tt0119698/?ref_=adv_li_tt","134 min","Animation, Adventure, Fantasy","(1997)","8.4","On a journey to find the cure for a Tatarigami's curse, Ashitaka finds himself in the middle of a war between the forest gods and Tatara, a mining colony. In this quest he also meets San, the Mononoke Hime.","Hayao Miyazaki","https://www.imdb.com/name/nm0594503/?ref_=adv_li_dr_0","Billy Crudup","https://www.imdb.com/name/nm0559444/?ref_=adv_li_st_0","https://www.imdb.com/name/nm0410942/?ref_=adv_li_st_1","https://www.imdb.com/name/nm0849100/?ref_=adv_li_st_2","https://www.imdb.com/name/nm0001082/?ref_=adv_li_st_3"
"Once Upon a Time in America","https://www.imdb.com/title/tt0087843/?ref_=adv_li_tt","229 min","Crime, Drama","(1984)","8.4","A former Prohibition-era Jewish gangster returns to the Lower East Side of Manhattan over thirty years later, where he once again must confront the ghosts and regrets of his old life.","Sergio Leone","https://www.imdb.com/name/nm0001466/?ref_=adv_li_dr_0","Treat Williams","https://www.imdb.com/name/nm0000134/?ref_=adv_li_st_0","https://www.imdb.com/name/nm0000249/?ref_=adv_li_st_1","https://www.imdb.com/name/nm0001527/?ref_=adv_li_st_2","https://www.imdb.com/name/nm0001852/?ref_=adv_li_st_3"
"Raiders of the Lost Ark","https://www.imdb.com/title/tt0082971/?ref_=adv_li_tt","115 min","Action, Adventure","(1981)","8.4","In 1936, archaeologist and adventurer Indiana Jones is hired by the U.S. government to find the Ark of the Covenant before Adolf Hitler's Nazis can obtain its awesome powers.","Steven Spielberg","https://www.imdb.com/name/nm0000229/?ref_=adv_li_dr_0","John Rhys-Davies","https://www.imdb.com/name/nm0000148/?ref_=adv_li_st_0","https://www.imdb.com/name/nm0000261/?ref_=adv_li_st_1","https://www.imdb.com/name/nm0293550/?ref_=adv_li_st_2","https://www.imdb.com/name/nm0722636/?ref_=adv_li_st_3"
"The Shining","https://www.imdb.com/title/tt0081505/?ref_=adv_li_tt","146 min","Drama, Horror","(1980)","8.4","A family heads to an isolated hotel for the winter where a sinister presence influences the father into violence, while his psychic son sees horrific forebodings from both past and future.","Stanley Kubrick","https://www.imdb.com/name/nm0000040/?ref_=adv_li_dr_0","Scatman Crothers","https://www.imdb.com/name/nm0000197/?ref_=adv_li_st_0","https://www.imdb.com/name/nm0001167/?ref_=adv_li_st_1","https://www.imdb.com/name/nm0515950/?ref_=adv_li_st_2","https://www.imdb.com/name/nm0001079/?ref_=adv_li_st_3"
"Apocalypse Now","https://www.imdb.com/title/tt0078788/?ref_=adv_li_tt","147 min","Drama, Mystery, War","(1979)","8.4","A U.S. Army officer serving in Vietnam is tasked with assassinating a renegade Special Forces Colonel who sees himself as a god.","Francis Ford Coppola","https://www.imdb.com/name/nm0000338/?ref_=adv_li_dr_0","Frederic Forrest","https://www.imdb.com/name/nm0000640/?ref_=adv_li_st_0","https://www.imdb.com/name/nm0000008/?ref_=adv_li_st_1","https://www.imdb.com/name/nm0000380/?ref_=adv_li_st_2","https://www.imdb.com/name/nm0002078/?ref_=adv_li_st_3"
"Alien","https://www.imdb.com/title/tt0078748/?ref_=adv_li_tt","117 min","Horror, Sci-Fi","(1979)","8.4","After a space merchant vessel receives an unknown transmission as a distress call, one of the crew is attacked by a mysterious life form and they soon realize that its life cycle has merely begun.","Ridley Scott","https://www.imdb.com/name/nm0000631/?ref_=adv_li_dr_0","Veronica Cartwright","https://www.imdb.com/name/nm0000244/?ref_=adv_li_st_0","https://www.imdb.com/name/nm0000643/?ref_=adv_li_st_1","https://www.imdb.com/name/nm0000457/?ref_=adv_li_st_2","https://www.imdb.com/name/nm0001021/?ref_=adv_li_st_3"
"Anand","https://www.imdb.com/title/tt0066763/?ref_=adv_li_tt","122 min","Drama, Musical","(1971)","8.4","The story of a terminally ill man who wishes to live life to the fullest before the inevitable occurs, as told by his best friend.","Hrishikesh Mukherjee","https://www.imdb.com/name/nm0611531/?ref_=adv_li_dr_0","Ramesh Deo","https://www.imdb.com/name/nm0004435/?ref_=adv_li_st_0","https://www.imdb.com/name/nm0000821/?ref_=adv_li_st_1","https://www.imdb.com/name/nm0764407/?ref_=adv_li_st_2","https://www.imdb.com/name/nm0219946/?ref_=adv_li_st_3"
"High and Low","https://www.imdb.com/title/tt0057565/?ref_=adv_li_tt","143 min","Crime, Drama, Mystery","(1963)","8.4","An executive of a shoe company becomes a victim of extortion when his chauffeur's son is kidnapped and held for ransom.","Akira Kurosawa","https://www.imdb.com/name/nm0000041/?ref_=adv_li_dr_0","Kyôko Kagawa","https://www.imdb.com/name/nm0001536/?ref_=adv_li_st_0","https://www.imdb.com/name/nm0755403/?ref_=adv_li_st_1","https://www.imdb.com/name/nm0619938/?ref_=adv_li_st_2","https://www.imdb.com/name/nm0434593/?ref_=adv_li_st_3"
"Dr. Strangelove or: How I Learned to Stop Worrying and Love the Bomb","https://www.imdb.com/title/tt0057012/?ref_=adv_li_tt","95 min","Comedy","(1964)","8.4","An insane general triggers a path to nuclear holocaust that a War Room full of politicians and generals frantically tries to stop.","Stanley Kubrick","https://www.imdb.com/name/nm0000040/?ref_=adv_li_dr_0","Keenan Wynn","https://www.imdb.com/name/nm0000634/?ref_=adv_li_st_0","https://www.imdb.com/name/nm0001715/?ref_=adv_li_st_1","https://www.imdb.com/name/nm0001330/?ref_=adv_li_st_2","https://www.imdb.com/name/nm0943978/?ref_=adv_li_st_3"
"Witness for the Prosecution","https://www.imdb.com/title/tt0051201/?ref_=adv_li_tt","116 min","Crime, Drama, Mystery","(1957)","8.4","A veteran British barrister must defend his client in a murder trial that has surprise after surprise.","Billy Wilder","https://www.imdb.com/name/nm0000697/?ref_=adv_li_dr_0","Elsa Lanchester","https://www.imdb.com/name/nm0000061/?ref_=adv_li_st_0","https://www.imdb.com/name/nm0000017/?ref_=adv_li_st_1","https://www.imdb.com/name/nm0001452/?ref_=adv_li_st_2","https://www.imdb.com/name/nm0006471/?ref_=adv_li_st_3"
"Paths of Glory","https://www.imdb.com/title/tt0050825/?ref_=adv_li_tt","88 min","Drama, War","(1957)","8.4","After refusing to attack an enemy position, a general accuses the soldiers of cowardice and their commanding officer must defend them.","Stanley Kubrick","https://www.imdb.com/name/nm0000040/?ref_=adv_li_dr_0","George Macready","https://www.imdb.com/name/nm0000018/?ref_=adv_li_st_0","https://www.imdb.com/name/nm0576127/?ref_=adv_li_st_1","https://www.imdb.com/name/nm0579663/?ref_=adv_li_st_2","https://www.imdb.com/name/nm0534317/?ref_=adv_li_st_3"
"Rear Window","https://www.imdb.com/title/tt0047396/?ref_=adv_li_tt","112 min","Mystery, Thriller","(1954)","8.4","A wheelchair-bound photographer spies on his neighbors from his apartment window and becomes convinced one of them has committed murder.","Alfred Hitchcock","https://www.imdb.com/name/nm0000033/?ref_=adv_li_dr_0","Thelma Ritter","https://www.imdb.com/name/nm0000071/?ref_=adv_li_st_0","https://www.imdb.com/name/nm0000038/?ref_=adv_li_st_1","https://www.imdb.com/name/nm0179819/?ref_=adv_li_st_2","https://www.imdb.com/name/nm0728812/?ref_=adv_li_st_3"
"Sunset Blvd.","https://www.imdb.com/title/tt0043014/?ref_=adv_li_tt","110 min","Drama, Film-Noir","(1950)","8.4","A screenwriter develops a dangerous relationship with a faded film star determined to make a triumphant return.","Billy Wilder","https://www.imdb.com/name/nm0000697/?ref_=adv_li_dr_0","Nancy Olson","https://www.imdb.com/name/nm0000034/?ref_=adv_li_st_0","https://www.imdb.com/name/nm0841797/?ref_=adv_li_st_1","https://www.imdb.com/name/nm0002233/?ref_=adv_li_st_2","https://www.imdb.com/name/nm0647970/?ref_=adv_li_st_3"
"The Great Dictator","https://www.imdb.com/title/tt0032553/?ref_=adv_li_tt","125 min","Comedy, Drama, War","(1940)","8.4","Dictator Adenoid Hynkel tries to expand his empire while a poor Jewish barber tries to avoid persecution from Hynkel's regime.","Charles Chaplin","https://www.imdb.com/name/nm0000122/?ref_=adv_li_dr_0","Reginald Gardiner","https://www.imdb.com/name/nm0000122/?ref_=adv_li_st_0","https://www.imdb.com/name/nm0002104/?ref_=adv_li_st_1","https://www.imdb.com/name/nm0642988/?ref_=adv_li_st_2","https://www.imdb.com/name/nm0306786/?ref_=adv_li_st_3"
"1917","https://www.imdb.com/title/tt8579674/?ref_=adv_li_tt","119 min","Drama, War","(2019)","8.3","April 6th, 1917. As a regiment assembles to wage war deep in enemy territory, two soldiers are assigned to race against time and deliver a message that will stop 1,600 men from walking straight into a deadly trap.","Sam Mendes","https://www.imdb.com/name/nm0005222/?ref_=adv_li_dr_0","Colin Firth","https://www.imdb.com/name/nm2835616/?ref_=adv_li_st_0","https://www.imdb.com/name/nm1126657/?ref_=adv_li_st_1","https://www.imdb.com/name/nm0990547/?ref_=adv_li_st_2","https://www.imdb.com/name/nm0000147/?ref_=adv_li_st_3"
"Tumbbad","https://www.imdb.com/title/tt8239946/?ref_=adv_li_tt","104 min","Drama, Fantasy, Horror","(2018)","8.3","A mythological story about a goddess who created the entire universe. The plot revolves around the consequences when humans build a temple for her first-born.","Rahi Anil Barve","https://www.imdb.com/name/nm9751348/?ref_=adv_li_dr_0","Jyoti Malshe","https://www.imdb.com/name/nm1628153/?ref_=adv_li_dr_1","https://www.imdb.com/name/nm4205110/?ref_=adv_li_dr_2","https://www.imdb.com/name/nm3630374/?ref_=adv_li_st_0","https://www.imdb.com/name/nm8375514/?ref_=adv_li_st_1"
"Andhadhun","https://www.imdb.com/title/tt8108198/?ref_=adv_li_tt","139 min","Crime, Drama, Music","(2018)","8.3","A series of mysterious events change the life of a blind pianist, who must now report a crime that he should technically know nothing of.","Sriram Raghavan","https://www.imdb.com/name/nm1437189/?ref_=adv_li_dr_0","Anil Dhawan","https://www.imdb.com/name/nm4731677/?ref_=adv_li_st_0","https://www.imdb.com/name/nm0007102/?ref_=adv_li_st_1","https://www.imdb.com/name/nm2331000/?ref_=adv_li_st_2","https://www.imdb.com/name/nm0223521/?ref_=adv_li_st_3"
"Drishyam","https://www.imdb.com/title/tt3417422/?ref_=adv_li_tt","160 min","Crime, Drama, Thriller","(2013)","8.3","A man goes to extreme lengths to save his family from punishment after the family commits an accidental crime.","Jeethu Joseph","https://www.imdb.com/name/nm2572228/?ref_=adv_li_dr_0","Ansiba","https://www.imdb.com/name/nm0482320/?ref_=adv_li_st_0","https://www.imdb.com/name/nm0576169/?ref_=adv_li_st_1","https://www.imdb.com/name/nm5242011/?ref_=adv_li_st_2","https://www.imdb.com/name/nm6189602/?ref_=adv_li_st_3"
"The Hunt","https://www.imdb.com/title/tt2106476/?ref_=adv_li_tt","115 min","Drama","(2012)","8.3","A teacher lives a lonely life, all the while struggling over his son's custody. His life slowly gets better as he finds love and receives good news from his son, but his new luck is about to be brutally shattered by an innocent little lie.","Thomas Vinterberg","https://www.imdb.com/name/nm0899121/?ref_=adv_li_dr_0","Lasse Fogelstrøm","https://www.imdb.com/name/nm0586568/?ref_=adv_li_st_0","https://www.imdb.com/name/nm0488917/?ref_=adv_li_st_1","https://www.imdb.com/name/nm5038871/?ref_=adv_li_st_2","https://www.imdb.com/name/nm5039026/?ref_=adv_li_st_3"
"A Separation","https://www.imdb.com/title/tt1832382/?ref_=adv_li_tt","123 min","Drama","(2011)","8.3","A married couple are faced with a difficult decision - to improve the life of their child by moving to another country or to stay in Iran and look after a deteriorating parent who has Alzheimer's disease.","Asghar Farhadi","https://www.imdb.com/name/nm1410815/?ref_=adv_li_dr_0","Shahab Hosseini","https://www.imdb.com/name/nm1818216/?ref_=adv_li_st_0","https://www.imdb.com/name/nm0368689/?ref_=adv_li_st_1","https://www.imdb.com/name/nm4299147/?ref_=adv_li_st_2","https://www.imdb.com/name/nm1486911/?ref_=adv_li_st_3"
"Incendies","https://www.imdb.com/title/tt1255953/?ref_=adv_li_tt","131 min","Drama, Mystery, War","(2010)","8.3","Twins journey to the Middle East to discover their family history and fulfill their mother's last wishes.","Denis Villeneuve","https://www.imdb.com/name/nm0898288/?ref_=adv_li_dr_0","Mustafa Kamel","https://www.imdb.com/name/nm0044073/?ref_=adv_li_st_0","https://www.imdb.com/name/nm0246386/?ref_=adv_li_st_1","https://www.imdb.com/name/nm0309945/?ref_=adv_li_st_2","https://www.imdb.com/name/nm1323233/?ref_=adv_li_st_3"
"7 Kogustaki Mucize","https://www.imdb.com/title/tt10431500/?ref_=adv_li_tt","132 min","Drama","(2019)","8.3","A story of love between a mentally-ill father who was wrongly accused of murder and his lovely six years old daughter. The prison would be their home. Based on the 2013 Korean movie Miracle in Cell No. 7 (2013).","Mehmet Ada Öztekin","https://www.imdb.com/name/nm3133017/?ref_=adv_li_dr_0","Celile Toyon Uysal","https://www.imdb.com/name/nm4199420/?ref_=adv_li_st_0","https://www.imdb.com/name/nm9651809/?ref_=adv_li_st_1","https://www.imdb.com/name/nm4335569/?ref_=adv_li_st_2","https://www.imdb.com/name/nm0870319/?ref_=adv_li_st_3"
"My Father and My Son","https://www.imdb.com/title/tt0476735/?ref_=adv_li_tt","112 min","Drama, Family","(2005)","8.3","The family of a left-wing journalist is torn apart after the military coup of Turkey in 1980.","Çagan Irmak","https://www.imdb.com/name/nm1463981/?ref_=adv_li_dr_0","Ege Tanman","https://www.imdb.com/name/nm1002038/?ref_=adv_li_st_0","https://www.imdb.com/name/nm0476334/?ref_=adv_li_st_1","https://www.imdb.com/name/nm0406157/?ref_=adv_li_st_2","https://www.imdb.com/name/nm2020015/?ref_=adv_li_st_3"
"Toy Story 3","https://www.imdb.com/title/tt0435761/?ref_=adv_li_tt","103 min","Animation, Adventure, Comedy","(2010)","8.3","The toys are mistakenly delivered to a day-care center instead of the attic right before Andy leaves for college, and it's up to Woody to convince the other toys that they weren't abandoned and to return home.","Lee Unkrich","https://www.imdb.com/name/nm0881279/?ref_=adv_li_dr_0","Ned Beatty","https://www.imdb.com/name/nm0000158/?ref_=adv_li_st_0","https://www.imdb.com/name/nm0000741/?ref_=adv_li_st_1","https://www.imdb.com/name/nm0000349/?ref_=adv_li_st_2","https://www.imdb.com/name/nm0000885/?ref_=adv_li_st_3"
"Inglourious Basterds","https://www.imdb.com/title/tt0361748/?ref_=adv_li_tt","153 min","Adventure, Drama, War","(2009)","8.3","In Nazi-occupied France during World War II, a plan to assassinate Nazi leaders by a group of Jewish U.S. soldiers coincides with a theatre owner's vengeful plans for the same.","Quentin Tarantino","https://www.imdb.com/name/nm0000233/?ref_=adv_li_dr_0","Mélanie Laurent","https://www.imdb.com/name/nm0000093/?ref_=adv_li_st_0","https://www.imdb.com/name/nm1208167/?ref_=adv_li_st_1","https://www.imdb.com/name/nm0744834/?ref_=adv_li_st_2","https://www.imdb.com/name/nm0491259/?ref_=adv_li_st_3"
"Eternal Sunshine of the Spotless Mind","https://www.imdb.com/title/tt0338013/?ref_=adv_li_tt","108 min","Drama, Romance, Sci-Fi","(2004)","8.3","When their relationship turns sour, a couple undergoes a medical procedure to have each other erased from their memories.","Michel Gondry","https://www.imdb.com/name/nm0327273/?ref_=adv_li_dr_0","Gerry Robert Byrne","https://www.imdb.com/name/nm0000120/?ref_=adv_li_st_0","https://www.imdb.com/name/nm0000701/?ref_=adv_li_st_1","https://www.imdb.com/name/nm0929489/?ref_=adv_li_st_2","https://www.imdb.com/name/nm0004423/?ref_=adv_li_st_3"
"Amélie","https://www.imdb.com/title/tt0211915/?ref_=adv_li_tt","122 min","Comedy, Romance","(2001)","8.3","Amélie is an innocent and naive girl in Paris with her own sense of justice. She decides to help those around her and, along the way, discovers love.","Jean-Pierre Jeunet","https://www.imdb.com/name/nm0000466/?ref_=adv_li_dr_0","Lorella Cravotta","https://www.imdb.com/name/nm0851582/?ref_=adv_li_st_0","https://www.imdb.com/name/nm0440913/?ref_=adv_li_st_1","https://www.imdb.com/name/nm0749363/?ref_=adv_li_st_2","https://www.imdb.com/name/nm0186677/?ref_=adv_li_st_3"
"Snatch","https://www.imdb.com/title/tt0208092/?ref_=adv_li_tt","102 min","Comedy, Crime","(2000)","8.3","Unscrupulous boxing promoters, violent bookmakers, a Russian gangster, incompetent amateur robbers and supposedly Jewish jewelers fight to track down a priceless stolen diamond.","Guy Ritchie","https://www.imdb.com/name/nm0005363/?ref_=adv_li_dr_0","Dennis Farina","https://www.imdb.com/name/nm0005458/?ref_=adv_li_st_0","https://www.imdb.com/name/nm0000093/?ref_=adv_li_st_1","https://www.imdb.com/name/nm0001125/?ref_=adv_li_st_2","https://www.imdb.com/name/nm0001199/?ref_=adv_li_st_3"
"Requiem for a Dream","https://www.imdb.com/title/tt0180093/?ref_=adv_li_tt","102 min","Drama","(2000)","8.3","The drug-induced utopias of four Coney Island people are shattered when their addictions run deep.","Darren Aronofsky","https://www.imdb.com/name/nm0004716/?ref_=adv_li_dr_0","Marlon Wayans","https://www.imdb.com/name/nm0000995/?ref_=adv_li_st_0","https://www.imdb.com/name/nm0001467/?ref_=adv_li_st_1","https://www.imdb.com/name/nm0000124/?ref_=adv_li_st_2","https://www.imdb.com/name/nm0005541/?ref_=adv_li_st_3"
"American Beauty","https://www.imdb.com/title/tt0169547/?ref_=adv_li_tt","122 min","Drama","(1999)","8.3","A sexually frustrated suburban father has a mid-life crisis after becoming infatuated with his daughter's best friend.","Sam Mendes","https://www.imdb.com/name/nm0005222/?ref_=adv_li_dr_0","Wes Bentley","https://www.imdb.com/name/nm0000228/?ref_=adv_li_st_0","https://www.imdb.com/name/nm0000906/?ref_=adv_li_st_1","https://www.imdb.com/name/nm0000301/?ref_=adv_li_st_2","https://www.imdb.com/name/nm0004747/?ref_=adv_li_st_3"
