Title,Title_URL,listeritemindex,Year,Time,genre,Rating,Score,Content,Content_URL,Content1,Content_URL2,Content3,Content_URL4,Content5,Content_URL6,Content7,Content_URL8,Content9,Number10
Shrek der Dritte,https://www.imdb.com/title/tt0413267/?ref_=adv_li_tt,1.,(2007),93 min,"
Animation, Adventure, Comedy            ","6,1","
58        
        Metascore
            ","
    Directors:
Chris Miller, 
Raman Hui
                 | 
    Stars:
Mike Myers, 
Cameron Diaz, 
Eddie Murphy, 
Antonio Banderas
    ",https://www.imdb.com/name/nm1844237/?ref_=adv_li_dr_0,Chris Miller,https://www.imdb.com/name/nm0401203/?ref_=adv_li_dr_1,Raman Hui,https://www.imdb.com/name/nm0000196/?ref_=adv_li_st_0,Mike Myers,https://www.imdb.com/name/nm0000139/?ref_=adv_li_st_1,Cameron Diaz,https://www.imdb.com/name/nm0000552/?ref_=adv_li_st_2,Eddie Murphy,$320.71M
Ich - Einfach unverbesserlich,https://www.imdb.com/title/tt1323594/?ref_=adv_li_tt,2.,(2010),95 min,"
Animation, Comedy, Crime            ","7,6","
72        
        Metascore
            ","
    Directors:
Pierre Coffin, 
Chris Renaud
                 | 
    Stars:
Steve Carell, 
Jason Segel, 
Russell Brand, 
Julie Andrews
    ",https://www.imdb.com/name/nm1853544/?ref_=adv_li_dr_0,Pierre Coffin,https://www.imdb.com/name/nm0719208/?ref_=adv_li_dr_1,Chris Renaud,https://www.imdb.com/name/nm0136797/?ref_=adv_li_st_0,Steve Carell,https://www.imdb.com/name/nm0781981/?ref_=adv_li_st_1,Jason Segel,https://www.imdb.com/name/nm1258970/?ref_=adv_li_st_2,Russell Brand,$251.51M
Bruce Allmächtig,https://www.imdb.com/title/tt0315327/?ref_=adv_li_tt,3.,(2003),101 min,"
Comedy, Fantasy            ","6,8","
46        
        Metascore
            ","
    Director:
Tom Shadyac
                 | 
    Stars:
Jim Carrey, 
Jennifer Aniston, 
Morgan Freeman, 
Philip Baker Hall
    ",https://www.imdb.com/name/nm0001723/?ref_=adv_li_dr_0,Tom Shadyac,https://www.imdb.com/name/nm0000120/?ref_=adv_li_st_0,Jim Carrey,https://www.imdb.com/name/nm0000098/?ref_=adv_li_st_1,Jennifer Aniston,https://www.imdb.com/name/nm0000151/?ref_=adv_li_st_2,Morgan Freeman,https://www.imdb.com/name/nm0001311/?ref_=adv_li_st_3,Philip Baker Hall,$242.83M
Für immer Shrek,https://www.imdb.com/title/tt0892791/?ref_=adv_li_tt,4.,(2010),93 min,"
Animation, Adventure, Comedy            ","6,3","
58        
        Metascore
            ","
    Director:
Mike Mitchell
                 | 
    Stars:
Mike Myers, 
Cameron Diaz, 
Eddie Murphy, 
Antonio Banderas
    ",https://www.imdb.com/name/nm0593610/?ref_=adv_li_dr_0,Mike Mitchell,https://www.imdb.com/name/nm0000196/?ref_=adv_li_st_0,Mike Myers,https://www.imdb.com/name/nm0000139/?ref_=adv_li_st_1,Cameron Diaz,https://www.imdb.com/name/nm0000552/?ref_=adv_li_st_2,Eddie Murphy,https://www.imdb.com/name/nm0000104/?ref_=adv_li_st_3,Antonio Banderas,$238.37M
Beverly Hills Cop - Ich lös' den Fall auf jeden Fall,https://www.imdb.com/title/tt0086960/?ref_=adv_li_tt,5.,(1984),105 min,"
Action, Comedy, Crime            ","7,3","
66        
        Metascore
            ","
    Director:
Martin Brest
                 | 
    Stars:
Eddie Murphy, 
Judge Reinhold, 
John Ashton, 
Lisa Eilbacher
    ",https://www.imdb.com/name/nm0000976/?ref_=adv_li_dr_0,Martin Brest,https://www.imdb.com/name/nm0000552/?ref_=adv_li_st_0,Eddie Murphy,https://www.imdb.com/name/nm0001662/?ref_=adv_li_st_1,Judge Reinhold,https://www.imdb.com/name/nm0039226/?ref_=adv_li_st_2,John Ashton,https://www.imdb.com/name/nm0002060/?ref_=adv_li_st_3,Lisa Eilbacher,$234.76M
Ted,https://www.imdb.com/title/tt1637725/?ref_=adv_li_tt,6.,(2012),106 min,"
Comedy            ","6,9","
62        
        Metascore
            ","
    Director:
Seth MacFarlane
                 | 
    Stars:
Mark Wahlberg, 
Mila Kunis, 
Seth MacFarlane, 
Joel McHale
    ",https://www.imdb.com/name/nm0532235/?ref_=adv_li_dr_0,Seth MacFarlane,https://www.imdb.com/name/nm0000242/?ref_=adv_li_st_0,Mark Wahlberg,https://www.imdb.com/name/nm0005109/?ref_=adv_li_st_1,Mila Kunis,https://www.imdb.com/name/nm0532235/?ref_=adv_li_st_2,Seth MacFarlane,https://www.imdb.com/name/nm0570364/?ref_=adv_li_st_3,Joel McHale,$218.82M
Madagascar 3: Flucht durch Europa,https://www.imdb.com/title/tt1277953/?ref_=adv_li_tt,7.,(2012),95 min,"
Animation, Adventure, Comedy            ","6,8","
60        
        Metascore
            ","
    Directors:
Eric Darnell, 
Tom McGrath, 
Conrad Vernon
                 | 
    Stars:
Ben Stiller, 
Jada Pinkett Smith, 
Chris Rock, 
David Schwimmer
    ",https://www.imdb.com/name/nm0201509/?ref_=adv_li_dr_0,Eric Darnell,https://www.imdb.com/name/nm0569891/?ref_=adv_li_dr_1,Tom McGrath,https://www.imdb.com/name/nm0970447/?ref_=adv_li_dr_2,Conrad Vernon,https://www.imdb.com/name/nm0001774/?ref_=adv_li_st_0,Ben Stiller,https://www.imdb.com/name/nm0000586/?ref_=adv_li_st_1,Jada Pinkett Smith,$216.39M
Kung Fu Panda,https://www.imdb.com/title/tt0441773/?ref_=adv_li_tt,8.,(2008),92 min,"
Animation, Action, Adventure            ","7,5","
74        
        Metascore
            ","
    Directors:
Mark Osborne, 
John Stevenson
                 | 
    Stars:
Jack Black, 
Ian McShane, 
Angelina Jolie, 
Dustin Hoffman
    ",https://www.imdb.com/name/nm0651706/?ref_=adv_li_dr_0,Mark Osborne,https://www.imdb.com/name/nm0828970/?ref_=adv_li_dr_1,John Stevenson,https://www.imdb.com/name/nm0085312/?ref_=adv_li_st_0,Jack Black,https://www.imdb.com/name/nm0574534/?ref_=adv_li_st_1,Ian McShane,https://www.imdb.com/name/nm0001401/?ref_=adv_li_st_2,Angelina Jolie,$215.43M
Monsters vs. Aliens,https://www.imdb.com/title/tt0892782/?ref_=adv_li_tt,9.,(2009),94 min,"
Animation, Action, Adventure            ","6,4","
56        
        Metascore
            ","
    Directors:
Rob Letterman, 
Conrad Vernon
                 | 
    Stars:
Reese Witherspoon, 
Rainn Wilson, 
Stephen Colbert, 
Seth Rogen
    ",https://www.imdb.com/name/nm1224299/?ref_=adv_li_dr_0,Rob Letterman,https://www.imdb.com/name/nm0970447/?ref_=adv_li_dr_1,Conrad Vernon,https://www.imdb.com/name/nm0000702/?ref_=adv_li_st_0,Reese Witherspoon,https://www.imdb.com/name/nm0933988/?ref_=adv_li_st_1,Rainn Wilson,https://www.imdb.com/name/nm0170306/?ref_=adv_li_st_2,Stephen Colbert,$198.35M
Madagascar,https://www.imdb.com/title/tt0351283/?ref_=adv_li_tt,10.,(2005),86 min,"
Animation, Adventure, Comedy            ","6,9","
57        
        Metascore
            ","
    Directors:
Eric Darnell, 
Tom McGrath
                 | 
    Stars:
Chris Rock, 
Ben Stiller, 
David Schwimmer, 
Jada Pinkett Smith
    ",https://www.imdb.com/name/nm0201509/?ref_=adv_li_dr_0,Eric Darnell,https://www.imdb.com/name/nm0569891/?ref_=adv_li_dr_1,Tom McGrath,https://www.imdb.com/name/nm0001674/?ref_=adv_li_st_0,Chris Rock,https://www.imdb.com/name/nm0001774/?ref_=adv_li_st_1,Ben Stiller,https://www.imdb.com/name/nm0001710/?ref_=adv_li_st_2,David Schwimmer,$193.60M
Teenage Mutant Ninja Turtles,https://www.imdb.com/title/tt1291150/?ref_=adv_li_tt,11.,(2014),101 min,"
Action, Adventure, Comedy            ","5,8","
31        
        Metascore
            ","
    Director:
Jonathan Liebesman
                 | 
    Stars:
Megan Fox, 
Will Arnett, 
William Fichtner, 
Noel Fisher
    ",https://www.imdb.com/name/nm0509448/?ref_=adv_li_dr_0,Jonathan Liebesman,https://www.imdb.com/name/nm1083271/?ref_=adv_li_st_0,Megan Fox,https://www.imdb.com/name/nm0004715/?ref_=adv_li_st_1,Will Arnett,https://www.imdb.com/name/nm0001209/?ref_=adv_li_st_2,William Fichtner,https://www.imdb.com/name/nm0279720/?ref_=adv_li_st_3,Noel Fisher,$191.20M
Men in Black 2,https://www.imdb.com/title/tt0120912/?ref_=adv_li_tt,12.,(2002),88 min,"
Action, Adventure, Comedy            ","6,2","
49        
        Metascore
            ","
    Director:
Barry Sonnenfeld
                 | 
    Stars:
Tommy Lee Jones, 
Will Smith, 
Rip Torn, 
Lara Flynn Boyle
    ",https://www.imdb.com/name/nm0001756/?ref_=adv_li_dr_0,Barry Sonnenfeld,https://www.imdb.com/name/nm0000169/?ref_=adv_li_st_0,Tommy Lee Jones,https://www.imdb.com/name/nm0000226/?ref_=adv_li_st_1,Will Smith,https://www.imdb.com/name/nm0001800/?ref_=adv_li_st_2,Rip Torn,https://www.imdb.com/name/nm0001223/?ref_=adv_li_st_3,Lara Flynn Boyle,$190.42M
Was Frauen wollen,https://www.imdb.com/title/tt0207201/?ref_=adv_li_tt,13.,(2000),127 min,"
Comedy, Fantasy, Romance            ","6,4","
47        
        Metascore
            ","
    Director:
Nancy Meyers
                 | 
    Stars:
Mel Gibson, 
Helen Hunt, 
Marisa Tomei, 
Alan Alda
    ",https://www.imdb.com/name/nm0583600/?ref_=adv_li_dr_0,Nancy Meyers,https://www.imdb.com/name/nm0000154/?ref_=adv_li_st_0,Mel Gibson,https://www.imdb.com/name/nm0000166/?ref_=adv_li_st_1,Helen Hunt,https://www.imdb.com/name/nm0000673/?ref_=adv_li_st_2,Marisa Tomei,https://www.imdb.com/name/nm0000257/?ref_=adv_li_st_3,Alan Alda,$182.81M
Madagascar 2,https://www.imdb.com/title/tt0479952/?ref_=adv_li_tt,14.,(2008),89 min,"
Animation, Adventure, Comedy            ","6,6","
61        
        Metascore
            ","
    Directors:
Eric Darnell, 
Tom McGrath
                 | 
    Stars:
Ben Stiller, 
Chris Rock, 
David Schwimmer, 
Jada Pinkett Smith
    ",https://www.imdb.com/name/nm0201509/?ref_=adv_li_dr_0,Eric Darnell,https://www.imdb.com/name/nm0569891/?ref_=adv_li_dr_1,Tom McGrath,https://www.imdb.com/name/nm0001774/?ref_=adv_li_st_0,Ben Stiller,https://www.imdb.com/name/nm0001674/?ref_=adv_li_st_1,Chris Rock,https://www.imdb.com/name/nm0001710/?ref_=adv_li_st_2,David Schwimmer,$180.01M
Crocodile Dundee - Ein Krokodil zum Küssen,https://www.imdb.com/title/tt0090555/?ref_=adv_li_tt,15.,(1986),97 min,"
Action, Adventure, Comedy            ","6,6","
62        
        Metascore
            ","
    Director:
Peter Faiman
                 | 
    Stars:
Paul Hogan, 
Linda Kozlowski, 
John Meillon, 
David Gulpilil
    ",https://www.imdb.com/name/nm0265363/?ref_=adv_li_dr_0,Peter Faiman,https://www.imdb.com/name/nm0001357/?ref_=adv_li_st_0,Paul Hogan,https://www.imdb.com/name/nm0468957/?ref_=adv_li_st_1,Linda Kozlowski,https://www.imdb.com/name/nm0576851/?ref_=adv_li_st_2,John Meillon,https://www.imdb.com/name/nm0347858/?ref_=adv_li_st_3,David Gulpilil,$174.64M
Brautalarm,https://www.imdb.com/title/tt1478338/?ref_=adv_li_tt,16.,(I) (2011),125 min,"
Comedy, Romance            ","6,8","
75        
        Metascore
            ","
    Director:
Paul Feig
                 | 
    Stars:
Kristen Wiig, 
Maya Rudolph, 
Rose Byrne, 
Terry Crews
    ",https://www.imdb.com/name/nm0082450/?ref_=adv_li_dr_0,Paul Feig,https://www.imdb.com/name/nm1325419/?ref_=adv_li_st_0,Kristen Wiig,https://www.imdb.com/name/nm0748973/?ref_=adv_li_st_1,Maya Rudolph,https://www.imdb.com/name/nm0126284/?ref_=adv_li_st_2,Rose Byrne,https://www.imdb.com/name/nm0187719/?ref_=adv_li_st_3,Terry Crews,$169.11M
Kung Fu Panda 2,https://www.imdb.com/title/tt1302011/?ref_=adv_li_tt,17.,(2011),90 min,"
Animation, Action, Adventure            ","7,2","
67        
        Metascore
            ","
    Director:
Jennifer Yuh Nelson
                 | 
    Stars:
Jack Black, 
Angelina Jolie, 
Jackie Chan, 
Dustin Hoffman
    ",https://www.imdb.com/name/nm0950775/?ref_=adv_li_dr_0,Jennifer Yuh Nelson,https://www.imdb.com/name/nm0085312/?ref_=adv_li_st_0,Jack Black,https://www.imdb.com/name/nm0001401/?ref_=adv_li_st_1,Angelina Jolie,https://www.imdb.com/name/nm0000329/?ref_=adv_li_st_2,Jackie Chan,https://www.imdb.com/name/nm0000163/?ref_=adv_li_st_3,Dustin Hoffman,$165.25M
Big Daddy,https://www.imdb.com/title/tt0142342/?ref_=adv_li_tt,18.,(1999),93 min,"
Comedy, Drama            ","6,4","
41        
        Metascore
            ","
    Director:
Dennis Dugan
                 | 
    Stars:
Adam Sandler, 
Joey Lauren Adams, 
Jon Stewart, 
Cole Sprouse
    ",https://www.imdb.com/name/nm0240797/?ref_=adv_li_dr_0,Dennis Dugan,https://www.imdb.com/name/nm0001191/?ref_=adv_li_st_0,Adam Sandler,https://www.imdb.com/name/nm0000725/?ref_=adv_li_st_1,Joey Lauren Adams,https://www.imdb.com/name/nm0829537/?ref_=adv_li_st_2,Jon Stewart,https://www.imdb.com/name/nm0819850/?ref_=adv_li_st_3,Cole Sprouse,$163.48M
SpongeBob Schwammkopf: Schwamm aus dem Wasser,https://www.imdb.com/title/tt2279373/?ref_=adv_li_tt,19.,(2015),92 min,"
Animation, Action, Adventure            ","6,0","
62        
        Metascore
            ","
    Directors:
Paul Tibbitt, 
Mike Mitchell
                 | 
    Stars:
Tom Kenny, 
Antonio Banderas, 
Bill Fagerbakke, 
Clancy Brown
    ",https://www.imdb.com/name/nm1196684/?ref_=adv_li_dr_0,Paul Tibbitt,https://www.imdb.com/name/nm0593610/?ref_=adv_li_dr_1,Mike Mitchell,https://www.imdb.com/name/nm0444786/?ref_=adv_li_st_0,Tom Kenny,https://www.imdb.com/name/nm0000104/?ref_=adv_li_st_1,Antonio Banderas,https://www.imdb.com/name/nm0265067/?ref_=adv_li_st_2,Bill Fagerbakke,$162.99M
Taffe Mädels,https://www.imdb.com/title/tt2404463/?ref_=adv_li_tt,20.,(I) (2013),117 min,"
Action, Comedy, Crime            ","6,6","
60        
        Metascore
            ","
    Director:
Paul Feig
                 | 
    Stars:
Sandra Bullock, 
Michael McDonald, 
Melissa McCarthy, 
Demián Bichir
    ",https://www.imdb.com/name/nm0082450/?ref_=adv_li_dr_0,Paul Feig,https://www.imdb.com/name/nm0000113/?ref_=adv_li_st_0,Sandra Bullock,https://www.imdb.com/name/nm0567912/?ref_=adv_li_st_1,Michael McDonald,https://www.imdb.com/name/nm0565250/?ref_=adv_li_st_2,Melissa McCarthy,https://www.imdb.com/name/nm0065007/?ref_=adv_li_st_3,Demián Bichir,$159.58M
Spiel ohne Regeln,https://www.imdb.com/title/tt0398165/?ref_=adv_li_tt,21.,(2005),113 min,"
Comedy, Crime, Sport            ","6,4","
48        
        Metascore
            ","
    Director:
Peter Segal
                 | 
    Stars:
Adam Sandler, 
Burt Reynolds, 
Chris Rock, 
Nelly
    ",https://www.imdb.com/name/nm0781842/?ref_=adv_li_dr_0,Peter Segal,https://www.imdb.com/name/nm0001191/?ref_=adv_li_st_0,Adam Sandler,https://www.imdb.com/name/nm0000608/?ref_=adv_li_st_1,Burt Reynolds,https://www.imdb.com/name/nm0001674/?ref_=adv_li_st_2,Chris Rock,https://www.imdb.com/name/nm0625099/?ref_=adv_li_st_3,Nelly,$158.12M
Ab durch die Hecke,https://www.imdb.com/title/tt0327084/?ref_=adv_li_tt,22.,(2006),83 min,"
Animation, Adventure, Comedy            ","6,7","
67        
        Metascore
            ","
    Directors:
Tim Johnson, 
Karey Kirkpatrick
                 | 
    Stars:
Bruce Willis, 
Garry Shandling, 
Steve Carell, 
Wanda Sykes
    ",https://www.imdb.com/name/nm0426333/?ref_=adv_li_dr_0,Tim Johnson,https://www.imdb.com/name/nm0456732/?ref_=adv_li_dr_1,Karey Kirkpatrick,https://www.imdb.com/name/nm0000246/?ref_=adv_li_st_0,Bruce Willis,https://www.imdb.com/name/nm0788009/?ref_=adv_li_st_1,Garry Shandling,https://www.imdb.com/name/nm0136797/?ref_=adv_li_st_2,Steve Carell,$155.02M
Beverly Hills Cop II,https://www.imdb.com/title/tt0092644/?ref_=adv_li_tt,23.,(1987),100 min,"
Action, Comedy, Crime            ","6,5","
48        
        Metascore
            ","
    Director:
Tony Scott
                 | 
    Stars:
Eddie Murphy, 
Judge Reinhold, 
Jürgen Prochnow, 
Ronny Cox
    ",https://www.imdb.com/name/nm0001716/?ref_=adv_li_dr_0,Tony Scott,https://www.imdb.com/name/nm0000552/?ref_=adv_li_st_0,Eddie Murphy,https://www.imdb.com/name/nm0001662/?ref_=adv_li_st_1,Judge Reinhold,https://www.imdb.com/name/nm0001638/?ref_=adv_li_st_2,Jürgen Prochnow,https://www.imdb.com/name/nm0001074/?ref_=adv_li_st_3,Ronny Cox,$153.67M
"Die Braut, die sich nicht traut",https://www.imdb.com/title/tt0163187/?ref_=adv_li_tt,24.,(1999),116 min,"
Comedy, Romance            ","5,6","
39        
        Metascore
            ","
    Director:
Garry Marshall
                 | 
    Stars:
Julia Roberts, 
Richard Gere, 
Joan Cusack, 
Hector Elizondo
    ",https://www.imdb.com/name/nm0005190/?ref_=adv_li_dr_0,Garry Marshall,https://www.imdb.com/name/nm0000210/?ref_=adv_li_st_0,Julia Roberts,https://www.imdb.com/name/nm0000152/?ref_=adv_li_st_1,Richard Gere,https://www.imdb.com/name/nm0000349/?ref_=adv_li_st_2,Joan Cusack,https://www.imdb.com/name/nm0001185/?ref_=adv_li_st_3,Hector Elizondo,$152.26M
Daddy's Home - Ein Vater zu viel,https://www.imdb.com/title/tt1528854/?ref_=adv_li_tt,25.,(2015),96 min,"
Comedy, Family            ","6,2","
42        
        Metascore
            ","
    Director:
Sean Anders
                 | 
    Stars:
Will Ferrell, 
Mark Wahlberg, 
Linda Cardellini, 
Thomas Haden Church
    ",https://www.imdb.com/name/nm1890845/?ref_=adv_li_dr_0,Sean Anders,https://www.imdb.com/name/nm0002071/?ref_=adv_li_st_0,Will Ferrell,https://www.imdb.com/name/nm0000242/?ref_=adv_li_st_1,Mark Wahlberg,https://www.imdb.com/name/nm0004802/?ref_=adv_li_st_2,Linda Cardellini,https://www.imdb.com/name/nm0002006/?ref_=adv_li_st_3,Thomas Haden Church,$150.36M
Der gestiefelte Kater,https://www.imdb.com/title/tt0448694/?ref_=adv_li_tt,26.,(2011),90 min,"
Animation, Action, Adventure            ","6,6","
65        
        Metascore
            ","
    Director:
Chris Miller
                 | 
    Stars:
Antonio Banderas, 
Salma Hayek, 
Zach Galifianakis, 
Billy Bob Thornton
    ",https://www.imdb.com/name/nm1844237/?ref_=adv_li_dr_0,Chris Miller,https://www.imdb.com/name/nm0000104/?ref_=adv_li_st_0,Antonio Banderas,https://www.imdb.com/name/nm0000161/?ref_=adv_li_st_1,Salma Hayek,https://www.imdb.com/name/nm0302108/?ref_=adv_li_st_2,Zach Galifianakis,https://www.imdb.com/name/nm0000671/?ref_=adv_li_st_3,Billy Bob Thornton,$149.26M
Megamind,https://www.imdb.com/title/tt1001526/?ref_=adv_li_tt,27.,(2010),95 min,"
Animation, Action, Comedy            ","7,2","
63        
        Metascore
            ","
    Director:
Tom McGrath
                 | 
    Stars:
Will Ferrell, 
Jonah Hill, 
Brad Pitt, 
Tina Fey
    ",https://www.imdb.com/name/nm0569891/?ref_=adv_li_dr_0,Tom McGrath,https://www.imdb.com/name/nm0002071/?ref_=adv_li_st_0,Will Ferrell,https://www.imdb.com/name/nm1706767/?ref_=adv_li_st_1,Jonah Hill,https://www.imdb.com/name/nm0000093/?ref_=adv_li_st_2,Brad Pitt,https://www.imdb.com/name/nm0275486/?ref_=adv_li_st_3,Tina Fey,$148.42M
"Meine Frau, unsere Kinder und ich",https://www.imdb.com/title/tt0970866/?ref_=adv_li_tt,28.,(2010),98 min,"
Comedy, Romance            ","5,5","
27        
        Metascore
            ","
    Director:
Paul Weitz
                 | 
    Stars:
Ben Stiller, 
Teri Polo, 
Robert De Niro, 
Owen Wilson
    ",https://www.imdb.com/name/nm0919369/?ref_=adv_li_dr_0,Paul Weitz,https://www.imdb.com/name/nm0001774/?ref_=adv_li_st_0,Ben Stiller,https://www.imdb.com/name/nm0001632/?ref_=adv_li_st_1,Teri Polo,https://www.imdb.com/name/nm0000134/?ref_=adv_li_st_2,Robert De Niro,https://www.imdb.com/name/nm0005562/?ref_=adv_li_st_3,Owen Wilson,$148.38M
Sonic The Hedgehog,https://www.imdb.com/title/tt3794354/?ref_=adv_li_tt,29.,(2020),99 min,"
Action, Adventure, Comedy            ","6,5","
47        
        Metascore
            ","
    Director:
Jeff Fowler
                 | 
    Stars:
Ben Schwartz, 
James Marsden, 
Jim Carrey, 
Tika Sumpter
    ",https://www.imdb.com/name/nm1733778/?ref_=adv_li_dr_0,Jeff Fowler,https://www.imdb.com/name/nm2355635/?ref_=adv_li_st_0,Ben Schwartz,https://www.imdb.com/name/nm0005188/?ref_=adv_li_st_1,James Marsden,https://www.imdb.com/name/nm0000120/?ref_=adv_li_st_2,Jim Carrey,https://www.imdb.com/name/nm1754366/?ref_=adv_li_st_3,Tika Sumpter,$146.07M
Rush Hour 3,https://www.imdb.com/title/tt0293564/?ref_=adv_li_tt,30.,(2007),91 min,"
Action, Comedy, Crime            ","6,2","
44        
        Metascore
            ","
    Director:
Brett Ratner
                 | 
    Stars:
Jackie Chan, 
Chris Tucker, 
Max von Sydow, 
Hiroyuki Sanada
    ",https://www.imdb.com/name/nm0711840/?ref_=adv_li_dr_0,Brett Ratner,https://www.imdb.com/name/nm0000329/?ref_=adv_li_st_0,Jackie Chan,https://www.imdb.com/name/nm0000676/?ref_=adv_li_st_1,Chris Tucker,https://www.imdb.com/name/nm0001884/?ref_=adv_li_st_2,Max von Sydow,https://www.imdb.com/name/nm0760796/?ref_=adv_li_st_3,Hiroyuki Sanada,$140.13M
Himmel und Huhn,https://www.imdb.com/title/tt0371606/?ref_=adv_li_tt,31.,(2005),81 min,"
Animation, Adventure, Comedy            ","5,7","
48        
        Metascore
            ","
    Director:
Mark Dindal
                 | 
    Stars:
Zach Braff, 
Joan Cusack, 
Garry Marshall, 
Don Knotts
    ",https://www.imdb.com/name/nm0227540/?ref_=adv_li_dr_0,Mark Dindal,https://www.imdb.com/name/nm0103785/?ref_=adv_li_st_0,Zach Braff,https://www.imdb.com/name/nm0000349/?ref_=adv_li_st_1,Joan Cusack,https://www.imdb.com/name/nm0005190/?ref_=adv_li_st_2,Garry Marshall,https://www.imdb.com/name/nm0461455/?ref_=adv_li_st_3,Don Knotts,$135.39M
Der Prinz aus Zamunda,https://www.imdb.com/title/tt0094898/?ref_=adv_li_tt,32.,(1988),116 min,"
Comedy, Romance            ","7,0","
47        
        Metascore
            ","
    Director:
John Landis
                 | 
    Stars:
Eddie Murphy, 
Paul Bates, 
Garcelle Beauvais, 
Feather
    ",https://www.imdb.com/name/nm0000484/?ref_=adv_li_dr_0,John Landis,https://www.imdb.com/name/nm0000552/?ref_=adv_li_st_0,Eddie Murphy,https://www.imdb.com/name/nm0061003/?ref_=adv_li_st_1,Paul Bates,https://www.imdb.com/name/nm0004731/?ref_=adv_li_st_2,Garcelle Beauvais,https://www.imdb.com/name/nm0269936/?ref_=adv_li_st_3,Feather,$128.15M
Anchorman - Die Legende kehrt zurück,https://www.imdb.com/title/tt1229340/?ref_=adv_li_tt,33.,(2013),119 min,"
Comedy            ","6,3","
61        
        Metascore
            ","
    Director:
Adam McKay
                 | 
    Stars:
Will Ferrell, 
Christina Applegate, 
Paul Rudd, 
Steve Carell
    ",https://www.imdb.com/name/nm0570912/?ref_=adv_li_dr_0,Adam McKay,https://www.imdb.com/name/nm0002071/?ref_=adv_li_st_0,Will Ferrell,https://www.imdb.com/name/nm0000775/?ref_=adv_li_st_1,Christina Applegate,https://www.imdb.com/name/nm0748620/?ref_=adv_li_st_2,Paul Rudd,https://www.imdb.com/name/nm0136797/?ref_=adv_li_st_3,Steve Carell,$127.35M
Bee Movie - Das Honigkomplott,https://www.imdb.com/title/tt0389790/?ref_=adv_li_tt,34.,(2007),91 min,"
Animation, Adventure, Comedy            ","6,1","
54        
        Metascore
            ","
    Directors:
Simon J. Smith, 
Steve Hickner
                 | 
    Stars:
Jerry Seinfeld, 
Renée Zellweger, 
Matthew Broderick, 
Patrick Warburton
    ",https://www.imdb.com/name/nm0971239/?ref_=adv_li_dr_0,Simon J. Smith,https://www.imdb.com/name/nm9054338/?ref_=adv_li_dr_1,Steve Hickner,https://www.imdb.com/name/nm0000632/?ref_=adv_li_st_0,Jerry Seinfeld,https://www.imdb.com/name/nm0000250/?ref_=adv_li_st_1,Renée Zellweger,https://www.imdb.com/name/nm0000111/?ref_=adv_li_st_2,Matthew Broderick,$126.63M
Die Truman Show,https://www.imdb.com/title/tt0120382/?ref_=adv_li_tt,35.,(1998),103 min,"
Comedy, Drama, Sci-Fi            ","8,1","
90        
        Metascore
            ","
    Director:
Peter Weir
                 | 
    Stars:
Jim Carrey, 
Ed Harris, 
Laura Linney, 
Noah Emmerich
    ",https://www.imdb.com/name/nm0001837/?ref_=adv_li_dr_0,Peter Weir,https://www.imdb.com/name/nm0000120/?ref_=adv_li_st_0,Jim Carrey,https://www.imdb.com/name/nm0000438/?ref_=adv_li_st_1,Ed Harris,https://www.imdb.com/name/nm0001473/?ref_=adv_li_st_2,Laura Linney,https://www.imdb.com/name/nm0001187/?ref_=adv_li_st_3,Noah Emmerich,$125.62M
Rango,https://www.imdb.com/title/tt1192628/?ref_=adv_li_tt,36.,(2011),107 min,"
Animation, Adventure, Comedy            ","7,2","
75        
        Metascore
            ","
    Director:
Gore Verbinski
                 | 
    Stars:
Johnny Depp, 
Isla Fisher, 
Timothy Olyphant, 
Abigail Breslin
    ",https://www.imdb.com/name/nm0893659/?ref_=adv_li_dr_0,Gore Verbinski,https://www.imdb.com/name/nm0000136/?ref_=adv_li_st_0,Johnny Depp,https://www.imdb.com/name/nm0279545/?ref_=adv_li_st_1,Isla Fisher,https://www.imdb.com/name/nm0648249/?ref_=adv_li_st_2,Timothy Olyphant,https://www.imdb.com/name/nm1113550/?ref_=adv_li_st_3,Abigail Breslin,$123.48M
Wayne's World,https://www.imdb.com/title/tt0105793/?ref_=adv_li_tt,37.,(1992),94 min,"
Comedy, Music            ","7,0","
57        
        Metascore
            ","
    Director:
Penelope Spheeris
                 | 
    Stars:
Mike Myers, 
Dana Carvey, 
Rob Lowe, 
Tia Carrere
    ",https://www.imdb.com/name/nm0790715/?ref_=adv_li_dr_0,Penelope Spheeris,https://www.imdb.com/name/nm0000196/?ref_=adv_li_st_0,Mike Myers,https://www.imdb.com/name/nm0001022/?ref_=adv_li_st_1,Dana Carvey,https://www.imdb.com/name/nm0000507/?ref_=adv_li_st_2,Rob Lowe,https://www.imdb.com/name/nm0000119/?ref_=adv_li_st_3,Tia Carrere,$121.70M
Lemony Snicket - Rätselhafte Ereignisse,https://www.imdb.com/title/tt0339291/?ref_=adv_li_tt,38.,(2004),108 min,"
Adventure, Comedy, Family            ","6,8","
62        
        Metascore
            ","
    Director:
Brad Silberling
                 | 
    Stars:
Jim Carrey, 
Jude Law, 
Meryl Streep, 
Liam Aiken
    ",https://www.imdb.com/name/nm0797869/?ref_=adv_li_dr_0,Brad Silberling,https://www.imdb.com/name/nm0000120/?ref_=adv_li_st_0,Jim Carrey,https://www.imdb.com/name/nm0000179/?ref_=adv_li_st_1,Jude Law,https://www.imdb.com/name/nm0000658/?ref_=adv_li_st_2,Meryl Streep,https://www.imdb.com/name/nm0014582/?ref_=adv_li_st_3,Liam Aiken,$118.63M
Die Eisprinzen,https://www.imdb.com/title/tt0445934/?ref_=adv_li_tt,39.,(2007),93 min,"
Comedy, Sport            ","6,3","
64        
        Metascore
            ","
    Directors:
Josh Gordon, 
Will Speck
                 | 
    Stars:
Will Ferrell, 
Jon Heder, 
Amy Poehler, 
Will Arnett
    ",https://www.imdb.com/name/nm0330347/?ref_=adv_li_dr_0,Josh Gordon,https://www.imdb.com/name/nm0817447/?ref_=adv_li_dr_1,Will Speck,https://www.imdb.com/name/nm0002071/?ref_=adv_li_st_0,Will Ferrell,https://www.imdb.com/name/nm1417647/?ref_=adv_li_st_1,Jon Heder,https://www.imdb.com/name/nm0688132/?ref_=adv_li_st_2,Amy Poehler,$118.59M
Zurück in die Zukunft II,https://www.imdb.com/title/tt0096874/?ref_=adv_li_tt,40.,(1989),108 min,"
Adventure, Comedy, Sci-Fi            ","7,8","
57        
        Metascore
            ","
    Director:
Robert Zemeckis
                 | 
    Stars:
Michael J. Fox, 
Christopher Lloyd, 
Lea Thompson, 
Thomas F. Wilson
    ",https://www.imdb.com/name/nm0000709/?ref_=adv_li_dr_0,Robert Zemeckis,https://www.imdb.com/name/nm0000150/?ref_=adv_li_st_0,Michael J. Fox,https://www.imdb.com/name/nm0000502/?ref_=adv_li_st_1,Christopher Lloyd,https://www.imdb.com/name/nm0000670/?ref_=adv_li_st_2,Lea Thompson,https://www.imdb.com/name/nm0001855/?ref_=adv_li_st_3,Thomas F. Wilson,$118.50M
Die Addams Family,https://www.imdb.com/title/tt0101272/?ref_=adv_li_tt,41.,(1991),99 min,"
Comedy, Fantasy            ","6,9","
57        
        Metascore
            ","
    Director:
Barry Sonnenfeld
                 | 
    Stars:
Anjelica Huston, 
Raul Julia, 
Christopher Lloyd, 
Dan Hedaya
    ",https://www.imdb.com/name/nm0001756/?ref_=adv_li_dr_0,Barry Sonnenfeld,https://www.imdb.com/name/nm0001378/?ref_=adv_li_st_0,Anjelica Huston,https://www.imdb.com/name/nm0000471/?ref_=adv_li_st_1,Raul Julia,https://www.imdb.com/name/nm0000502/?ref_=adv_li_st_2,Christopher Lloyd,https://www.imdb.com/name/nm0000445/?ref_=adv_li_st_3,Dan Hedaya,$113.50M
Der Babynator,https://www.imdb.com/title/tt0395699/?ref_=adv_li_tt,42.,(2005),95 min,"
Action, Comedy, Drama            ","5,6","
30        
        Metascore
            ","
    Director:
Adam Shankman
                 | 
    Stars:
Vin Diesel, 
Brittany Snow, 
Max Thieriot, 
Brad Garrett
    ",https://www.imdb.com/name/nm0788202/?ref_=adv_li_dr_0,Adam Shankman,https://www.imdb.com/name/nm0004874/?ref_=adv_li_st_0,Vin Diesel,https://www.imdb.com/name/nm0811242/?ref_=adv_li_st_1,Brittany Snow,https://www.imdb.com/name/nm1302735/?ref_=adv_li_st_2,Max Thieriot,https://www.imdb.com/name/nm0004951/?ref_=adv_li_st_3,Brad Garrett,$113.09M
Tropic Thunder,https://www.imdb.com/title/tt0942385/?ref_=adv_li_tt,43.,(2008),107 min,"
Action, Comedy, War            ","7,0","
71        
        Metascore
            ","
    Director:
Ben Stiller
                 | 
    Stars:
Ben Stiller, 
Jack Black, 
Robert Downey Jr., 
Jeff Kahn
    ",https://www.imdb.com/name/nm0001774/?ref_=adv_li_dr_0,Ben Stiller,https://www.imdb.com/name/nm0001774/?ref_=adv_li_st_0,Ben Stiller,https://www.imdb.com/name/nm0085312/?ref_=adv_li_st_1,Jack Black,https://www.imdb.com/name/nm0000375/?ref_=adv_li_st_2,Robert Downey Jr.,https://www.imdb.com/name/nm0434854/?ref_=adv_li_st_3,Jeff Kahn,$110.52M
Valentinstag,https://www.imdb.com/title/tt0817230/?ref_=adv_li_tt,44.,(I) (2010),125 min,"
Comedy, Romance            ","5,7","
34        
        Metascore
            ","
    Director:
Garry Marshall
                 | 
    Stars:
Julia Roberts, 
Jamie Foxx, 
Anne Hathaway, 
Jessica Alba
    ",https://www.imdb.com/name/nm0005190/?ref_=adv_li_dr_0,Garry Marshall,https://www.imdb.com/name/nm0000210/?ref_=adv_li_st_0,Julia Roberts,https://www.imdb.com/name/nm0004937/?ref_=adv_li_st_1,Jamie Foxx,https://www.imdb.com/name/nm0004266/?ref_=adv_li_st_2,Anne Hathaway,https://www.imdb.com/name/nm0004695/?ref_=adv_li_st_3,Jessica Alba,$110.49M
Star Trek IV: Zurück in die Gegenwart,https://www.imdb.com/title/tt0092007/?ref_=adv_li_tt,45.,(1986),119 min,"
Adventure, Comedy, Sci-Fi            ","7,3","
71        
        Metascore
            ","
    Director:
Leonard Nimoy
                 | 
    Stars:
William Shatner, 
Leonard Nimoy, 
DeForest Kelley, 
James Doohan
    ",https://www.imdb.com/name/nm0000559/?ref_=adv_li_dr_0,Leonard Nimoy,https://www.imdb.com/name/nm0000638/?ref_=adv_li_st_0,William Shatner,https://www.imdb.com/name/nm0000559/?ref_=adv_li_st_1,Leonard Nimoy,https://www.imdb.com/name/nm0001420/?ref_=adv_li_st_2,DeForest Kelley,https://www.imdb.com/name/nm0001150/?ref_=adv_li_st_3,James Doohan,$109.71M
Crocodile Dundee 2,https://www.imdb.com/title/tt0092493/?ref_=adv_li_tt,46.,(1988),108 min,"
Action, Adventure, Comedy            ","5,7","
41        
        Metascore
            ","
    Director:
John Cornell
                 | 
    Stars:
Paul Hogan, 
Linda Kozlowski, 
John Meillon, 
Ernie Dingo
    ",https://www.imdb.com/name/nm0180257/?ref_=adv_li_dr_0,John Cornell,https://www.imdb.com/name/nm0001357/?ref_=adv_li_st_0,Paul Hogan,https://www.imdb.com/name/nm0468957/?ref_=adv_li_st_1,Linda Kozlowski,https://www.imdb.com/name/nm0576851/?ref_=adv_li_st_2,John Meillon,https://www.imdb.com/name/nm0227669/?ref_=adv_li_st_3,Ernie Dingo,$109.31M
Zeit der Zärtlichkeit,https://www.imdb.com/title/tt0086425/?ref_=adv_li_tt,47.,(1983),132 min,"
Comedy, Drama            ","7,4","
79        
        Metascore
            ","
    Director:
James L. Brooks
                 | 
    Stars:
Shirley MacLaine, 
Debra Winger, 
Jack Nicholson, 
Danny DeVito
    ",https://www.imdb.com/name/nm0000985/?ref_=adv_li_dr_0,James L. Brooks,https://www.imdb.com/name/nm0000511/?ref_=adv_li_st_0,Shirley MacLaine,https://www.imdb.com/name/nm0000700/?ref_=adv_li_st_1,Debra Winger,https://www.imdb.com/name/nm0000197/?ref_=adv_li_st_2,Jack Nicholson,https://www.imdb.com/name/nm0000362/?ref_=adv_li_st_3,Danny DeVito,$108.42M
Wie werde ich ihn los in 10 Tagen,https://www.imdb.com/title/tt0251127/?ref_=adv_li_tt,48.,(2003),116 min,"
Comedy, Romance            ","6,4","
45        
        Metascore
            ","
    Director:
Donald Petrie
                 | 
    Stars:
Kate Hudson, 
Matthew McConaughey, 
Adam Goldberg, 
Kathryn Hahn
    ",https://www.imdb.com/name/nm0677953/?ref_=adv_li_dr_0,Donald Petrie,https://www.imdb.com/name/nm0005028/?ref_=adv_li_st_0,Kate Hudson,https://www.imdb.com/name/nm0000190/?ref_=adv_li_st_1,Matthew McConaughey,https://www.imdb.com/name/nm0004965/?ref_=adv_li_st_2,Adam Goldberg,https://www.imdb.com/name/nm1063517/?ref_=adv_li_st_3,Kathryn Hahn,$105.81M
Der Club der Teufelinnen,https://www.imdb.com/title/tt0116313/?ref_=adv_li_tt,49.,(1996),103 min,"
Comedy            ","6,4","
58        
        Metascore
            ","
    Director:
Hugh Wilson
                 | 
    Stars:
Goldie Hawn, 
Bette Midler, 
Diane Keaton, 
Maggie Smith
    ",https://www.imdb.com/name/nm0933505/?ref_=adv_li_dr_0,Hugh Wilson,https://www.imdb.com/name/nm0000443/?ref_=adv_li_st_0,Goldie Hawn,https://www.imdb.com/name/nm0000541/?ref_=adv_li_st_1,Bette Midler,https://www.imdb.com/name/nm0000473/?ref_=adv_li_st_2,Diane Keaton,https://www.imdb.com/name/nm0001749/?ref_=adv_li_st_3,Maggie Smith,$105.49M
Der Kindergarten Daddy,https://www.imdb.com/title/tt0317303/?ref_=adv_li_tt,50.,(2003),92 min,"
Comedy, Family            ","5,6","
39        
        Metascore
            ","
    Director:
Steve Carr
                 | 
    Stars:
Eddie Murphy, 
Jeff Garlin, 
Anjelica Huston, 
Steve Zahn
    ",https://www.imdb.com/name/nm0139867/?ref_=adv_li_dr_0,Steve Carr,https://www.imdb.com/name/nm0000552/?ref_=adv_li_st_0,Eddie Murphy,https://www.imdb.com/name/nm0307531/?ref_=adv_li_st_1,Jeff Garlin,https://www.imdb.com/name/nm0001378/?ref_=adv_li_st_2,Anjelica Huston,https://www.imdb.com/name/nm0001872/?ref_=adv_li_st_3,Steve Zahn,$104.30M